timestamp,node_id,tilt_deg,displacement_mm,vibration_g,crack_width_mm,battery_percent,displacement_rate_mm_per_15min,tilt_rate_deg_per_15min,risk_score,risk_status,subsidence_risk_next
2026-01-01 00:00:00,NODE-02,0.714,5.004,0.283,1.825,95.66,0.0,0.0,18.4,SAFE,0
2026-01-01 00:15:00,NODE-05,2.001,12.918,0.525,4.315,96.92,7.915,1.287,53.0,LOW,0
2026-01-01 00:30:00,NODE-04,1.156,7.167,0.286,2.951,97.84,-5.751,-0.845,22.7,SAFE,0
2026-01-01 00:45:00,NODE-03,0.223,0.199,0.056,0.021,95.84,-6.968,-0.933,0.7,SAFE,0
2026-01-01 01:00:00,NODE-01,0.906,7.701,0.138,1.698,96.82,7.502,0.683,31.9,SAFE,0
2026-01-01 01:15:00,NODE-01,0.209,2.919,0.08,0.378,95.42,-4.782,-0.697,10.4,SAFE,0
2026-01-01 01:30:00,NODE-01,2.308,14.741,0.444,5.138,97.42,11.822,2.098,58.3,LOW,0
2026-01-01 01:45:00,NODE-05,1.358,6.613,0.382,2.535,95.38,-8.128,-0.95,20.5,SAFE,1
2026-01-01 02:00:00,NODE-03,3.393,26.198,1.009,7.636,96.82,19.586,2.036,84.0,CRITICAL,0
2026-01-01 02:15:00,NODE-04,0.608,1.483,0.111,0.72,97.16,-24.715,-2.785,6.7,SAFE,0
2026-01-01 02:30:00,NODE-01,1.136,6.759,0.289,2.436,94.55,5.276,0.528,33.2,SAFE,0
2026-01-01 02:45:00,NODE-05,0.401,1.273,0.209,1.358,95.16,-5.486,-0.735,11.4,SAFE,0
2026-01-01 03:00:00,NODE-05,1.379,8.271,0.347,2.933,95.11,6.998,0.978,37.4,SAFE,1
2026-01-01 03:15:00,NODE-01,2.302,17.756,0.645,5.602,97.25,9.485,0.923,64.6,WARNING,0
2026-01-01 03:30:00,NODE-01,2.54,15.403,0.619,4.768,94.54,-2.353,0.238,50.4,LOW,0
2026-01-01 03:45:00,NODE-01,0.328,2.533,0.145,1.064,96.34,-12.87,-2.212,6.8,SAFE,0
2026-01-01 04:00:00,NODE-02,2.227,14.445,0.534,4.307,96.82,11.912,1.899,57.7,LOW,0
2026-01-01 04:15:00,NODE-03,0.369,2.166,0.086,1.038,96.14,-12.279,-1.858,7.4,SAFE,0
2026-01-01 04:30:00,NODE-03,0.918,6.724,0.169,2.16,97.47,4.558,0.548,32.1,SAFE,0
2026-01-01 04:45:00,NODE-02,0.587,4.0,0.222,1.56,93.62,-2.723,-0.331,14.5,SAFE,0
2026-01-01 05:00:00,NODE-03,0.217,0.076,0.148,0.768,96.66,-3.924,-0.37,0.1,SAFE,0
2026-01-01 05:15:00,NODE-01,1.552,10.961,0.455,3.285,95.71,10.885,1.336,49.6,LOW,0
2026-01-01 05:30:00,NODE-02,1.697,15.363,0.568,3.951,94.12,4.402,0.145,46.0,LOW,0
2026-01-01 05:45:00,NODE-02,2.042,10.97,0.468,4.213,94.62,-4.393,0.345,41.6,LOW,0
2026-01-01 06:00:00,NODE-03,0.985,7.428,0.336,2.481,97.79,-3.543,-1.057,23.2,SAFE,0
2026-01-01 06:15:00,NODE-04,1.671,11.101,0.382,2.693,96.67,3.673,0.686,46.0,LOW,1
2026-01-01 06:30:00,NODE-01,2.587,16.584,0.587,5.91,96.87,5.483,0.916,69.1,WARNING,0
2026-01-01 06:45:00,NODE-03,0.493,8.528,0.346,2.136,97.06,-8.056,-2.095,23.2,SAFE,0
2026-01-01 07:00:00,NODE-03,1.427,7.596,0.356,3.059,94.27,-0.932,0.935,33.0,SAFE,0
2026-01-01 07:15:00,NODE-01,0.816,2.916,0.3,1.698,96.19,-4.68,-0.611,13.7,SAFE,0
2026-01-01 07:30:00,NODE-03,1.691,12.492,0.431,3.938,97.21,9.576,0.875,49.2,LOW,0
2026-01-01 07:45:00,NODE-01,2.122,11.895,0.503,4.289,95.41,-0.597,0.431,43.4,LOW,0
2026-01-01 08:00:00,NODE-01,1.301,7.203,0.347,3.096,97.52,-4.692,-0.821,26.1,SAFE,0
2026-01-01 08:15:00,NODE-05,0.975,6.51,0.249,2.282,95.15,-0.693,-0.325,20.3,SAFE,0
2026-01-01 08:30:00,NODE-05,1.368,9.84,0.44,2.371,96.03,3.33,0.393,39.9,SAFE,0
2026-01-01 08:45:00,NODE-04,1.504,7.923,0.367,3.016,96.35,-1.917,0.136,26.6,SAFE,0
2026-01-01 09:00:00,NODE-02,0.402,1.691,0.047,0.379,96.78,-6.233,-1.102,1.5,SAFE,1
2026-01-01 09:15:00,NODE-01,3.381,24.976,0.822,7.473,95.53,23.285,2.979,85.3,CRITICAL,0
2026-01-01 09:30:00,NODE-04,2.101,14.313,0.634,4.309,97.08,-10.663,-1.279,41.7,LOW,0
2026-01-01 09:45:00,NODE-03,0.86,4.837,0.15,0.963,96.38,-9.476,-1.241,12.3,SAFE,0
2026-01-01 10:00:00,NODE-01,1.327,6.631,0.299,2.778,93.89,1.795,0.467,27.9,SAFE,0
2026-01-01 10:15:00,NODE-03,1.067,6.122,0.301,2.447,98.06,-0.509,-0.26,20.9,SAFE,0
2026-01-01 10:30:00,NODE-01,0.886,5.899,0.299,1.972,94.7,-0.222,-0.181,15.0,SAFE,0
2026-01-01 10:45:00,NODE-05,1.995,13.707,0.434,3.596,98.15,7.808,1.109,50.8,LOW,0
2026-01-01 11:00:00,NODE-02,0.732,3.861,0.254,1.916,95.66,-9.847,-1.263,17.0,SAFE,0
2026-01-01 11:15:00,NODE-04,1.853,10.144,0.446,3.52,95.43,6.284,1.122,47.8,LOW,0
2026-01-01 11:30:00,NODE-02,1.223,9.027,0.367,2.75,96.32,-1.118,-0.631,25.5,SAFE,0
2026-01-01 11:45:00,NODE-03,0.592,3.23,0.01,0.778,95.0,-5.797,-0.631,6.1,SAFE,0
2026-01-01 12:00:00,NODE-03,0.87,4.09,0.244,1.39,93.57,0.86,0.277,17.9,SAFE,0
2026-01-01 12:15:00,NODE-01,0.959,6.818,0.3,2.689,95.7,2.728,0.09,35.1,SAFE,0
2026-01-01 12:30:00,NODE-05,0.699,5.804,0.239,1.16,96.28,-1.014,-0.26,16.7,SAFE,0
2026-01-01 12:45:00,NODE-04,0.734,6.011,0.275,2.883,97.67,0.207,0.035,19.6,SAFE,0
2026-01-01 13:00:00,NODE-05,0.908,7.225,0.271,1.811,94.39,1.214,0.174,24.1,SAFE,0
2026-01-01 13:15:00,NODE-05,0.545,4.691,0.275,1.749,96.51,-2.533,-0.362,15.4,SAFE,0
2026-01-01 13:30:00,NODE-03,0.92,5.09,0.265,1.072,95.69,0.398,0.374,20.2,SAFE,0
2026-01-01 13:45:00,NODE-05,1.213,10.722,0.323,3.052,95.85,5.632,0.293,39.7,SAFE,0
2026-01-01 14:00:00,NODE-01,0.673,1.966,0.125,0.515,96.97,-8.756,-0.54,3.4,SAFE,0
2026-01-01 14:15:00,NODE-01,1.088,5.841,0.356,2.275,95.19,3.875,0.414,33.6,SAFE,0
2026-01-01 14:30:00,NODE-01,1.507,11.761,0.469,3.51,96.0,5.92,0.419,45.7,LOW,0
2026-01-01 14:45:00,NODE-02,1.874,12.64,0.527,3.231,97.1,0.879,0.367,46.2,LOW,0
2026-01-01 15:00:00,NODE-02,0.835,6.799,0.239,1.493,97.03,-5.841,-1.038,23.9,SAFE,1
2026-01-01 15:15:00,NODE-02,2.268,16.964,0.723,4.908,94.32,10.165,1.433,64.7,WARNING,0
2026-01-01 15:30:00,NODE-05,0.516,3.186,0.121,0.834,95.05,-13.778,-1.753,7.3,SAFE,0
2026-01-01 15:45:00,NODE-02,1.168,4.592,0.297,2.841,95.61,1.407,0.652,31.6,SAFE,0
2026-01-01 16:00:00,NODE-02,1.226,8.605,0.253,1.984,96.75,4.013,0.059,28.3,SAFE,0
2026-01-01 16:15:00,NODE-03,0.534,1.859,0.123,1.529,95.47,-6.746,-0.693,8.2,SAFE,0
2026-01-01 16:30:00,NODE-01,1.072,7.307,0.221,2.364,95.87,5.448,0.539,30.5,SAFE,0
2026-01-01 16:45:00,NODE-04,1.326,5.482,0.184,2.233,97.27,-1.825,0.254,22.4,SAFE,0
2026-01-01 17:00:00,NODE-01,0.744,4.034,0.243,1.201,95.36,-1.447,-0.582,10.3,SAFE,0
2026-01-01 17:15:00,NODE-05,1.356,9.333,0.249,2.58,97.53,5.299,0.612,38.5,SAFE,0
2026-01-01 17:30:00,NODE-04,0.605,1.823,0.152,0.748,93.83,-7.511,-0.751,8.1,SAFE,0
2026-01-01 17:45:00,NODE-01,1.959,7.725,0.341,2.65,95.28,5.902,1.354,42.2,LOW,0
2026-01-01 18:00:00,NODE-01,0.7,4.232,0.184,1.255,94.11,-3.493,-1.259,11.5,SAFE,1
2026-01-01 18:15:00,NODE-05,2.594,19.508,0.745,5.261,95.88,15.276,1.894,69.1,WARNING,0
2026-01-01 18:30:00,NODE-04,0.617,4.838,0.226,1.65,96.64,-14.67,-1.977,11.3,SAFE,0
2026-01-01 18:45:00,NODE-04,0.83,6.979,0.293,1.691,95.54,2.141,0.213,31.5,SAFE,0
2026-01-01 19:00:00,NODE-04,1.486,8.702,0.443,3.334,95.16,1.723,0.657,36.9,SAFE,0
2026-01-01 19:15:00,NODE-01,0.574,3.661,0.234,1.836,94.1,-5.041,-0.912,13.7,SAFE,0
2026-01-01 19:30:00,NODE-02,1.919,12.577,0.523,3.858,97.74,8.916,1.345,53.7,LOW,0
2026-01-01 19:45:00,NODE-01,1.058,6.064,0.262,2.176,95.7,-6.514,-0.861,21.1,SAFE,0
2026-01-01 20:00:00,NODE-05,0.565,1.464,0.049,0.13,95.18,-4.6,-0.493,6.9,SAFE,0
2026-01-01 20:15:00,NODE-04,0.011,1.534,0.149,0.731,97.59,0.071,-0.554,1.4,SAFE,0
2026-01-01 20:30:00,NODE-02,1.76,13.585,0.482,4.195,95.29,12.051,1.749,50.5,LOW,0
2026-01-01 20:45:00,NODE-01,0.983,8.744,0.284,3.221,94.62,-4.841,-0.777,25.0,SAFE,0
2026-01-01 21:00:00,NODE-02,1.215,5.891,0.26,2.125,94.85,-2.853,0.233,22.7,SAFE,1
2026-01-01 21:15:00,NODE-02,3.415,22.319,0.872,6.172,94.67,16.428,2.2,81.7,CRITICAL,0
2026-01-01 21:30:00,NODE-04,0.046,0.962,0.133,0.505,94.42,-21.357,-3.369,2.7,SAFE,0
2026-01-01 21:45:00,NODE-04,1.082,5.902,0.15,1.327,94.86,4.94,1.036,28.6,SAFE,0
2026-01-01 22:00:00,NODE-05,1.36,6.44,0.219,2.33,98.59,0.538,0.278,23.4,SAFE,1
2026-01-01 22:15:00,NODE-03,2.912,20.877,0.853,5.966,94.31,14.437,1.552,79.8,WARNING,0
2026-01-01 22:30:00,NODE-01,1.038,6.49,0.354,1.813,93.89,-14.387,-1.874,23.7,SAFE,0
2026-01-01 22:45:00,NODE-04,1.043,6.951,0.246,1.526,96.02,0.461,0.005,19.6,SAFE,0
2026-01-01 23:00:00,NODE-04,1.336,7.129,0.375,1.991,95.59,0.178,0.293,28.5,SAFE,0
2026-01-01 23:15:00,NODE-03,0.919,8.231,0.327,2.294,96.47,1.102,-0.418,24.3,SAFE,0
2026-01-01 23:30:00,NODE-04,1.158,4.769,0.346,2.052,95.01,-3.462,0.239,23.4,SAFE,0
2026-01-01 23:45:00,NODE-03,1.876,11.289,0.42,3.428,94.63,6.519,0.718,44.9,LOW,0
2026-01-02 00:00:00,NODE-03,0.954,5.793,0.204,2.015,97.67,-5.495,-0.922,18.5,SAFE,0
2026-01-02 00:15:00,NODE-03,1.958,11.462,0.568,4.213,93.73,5.668,1.004,55.2,LOW,0
2026-01-02 00:30:00,NODE-01,0.778,7.423,0.196,1.209,96.09,-4.039,-1.179,15.5,SAFE,0
2026-01-02 00:45:00,NODE-01,1.429,10.97,0.458,4.11,96.48,3.547,0.65,49.3,LOW,0
2026-01-02 01:00:00,NODE-01,1.323,7.665,0.364,3.009,96.64,-3.305,-0.106,24.1,SAFE,0
2026-01-02 01:15:00,NODE-04,1.269,5.003,0.328,2.324,95.28,-2.663,-0.054,21.2,SAFE,0
2026-01-02 01:30:00,NODE-02,0.292,3.855,0.174,0.57,94.15,-1.147,-0.976,7.5,SAFE,1
2026-01-02 01:45:00,NODE-03,2.618,14.703,0.656,5.755,97.44,10.848,2.326,65.8,WARNING,0
2026-01-02 02:00:00,NODE-05,0.841,5.097,0.254,2.26,95.1,-9.606,-1.776,14.4,SAFE,0
2026-01-02 02:15:00,NODE-02,1.13,10.213,0.292,2.402,97.47,5.115,0.289,34.3,SAFE,0
2026-01-02 02:30:00,NODE-02,0.849,4.403,0.216,1.756,96.07,-5.81,-0.281,18.5,SAFE,0
2026-01-02 02:45:00,NODE-04,0.95,6.061,0.309,1.553,95.04,1.658,0.101,18.0,SAFE,0
2026-01-02 03:00:00,NODE-02,1.621,12.433,0.449,3.461,96.09,6.372,0.67,47.0,LOW,0
2026-01-02 03:15:00,NODE-01,2.431,14.662,0.651,4.526,97.0,2.229,0.811,56.8,LOW,0
2026-01-02 03:30:00,NODE-02,1.662,8.68,0.468,3.35,95.71,-5.983,-0.77,31.0,SAFE,0
2026-01-02 03:45:00,NODE-01,1.044,5.548,0.333,2.094,94.73,-3.132,-0.618,18.3,SAFE,1
2026-01-02 04:00:00,NODE-05,3.94,25.291,0.963,8.027,93.46,19.743,2.896,86.5,CRITICAL,0
2026-01-02 04:15:00,NODE-04,1.246,6.245,0.217,1.883,95.1,-19.046,-2.694,22.2,SAFE,0
2026-01-02 04:30:00,NODE-04,1.339,8.768,0.433,2.651,96.57,2.523,0.093,38.3,SAFE,0
2026-01-02 04:45:00,NODE-05,0.515,2.92,0.245,1.274,94.39,-5.848,-0.825,10.4,SAFE,0
2026-01-02 05:00:00,NODE-04,0.633,3.849,0.188,0.647,96.41,0.929,0.118,10.0,SAFE,0
2026-01-02 05:15:00,NODE-01,1.544,10.22,0.51,2.944,95.62,6.371,0.912,46.4,LOW,0
2026-01-02 05:30:00,NODE-05,1.502,9.319,0.413,2.549,96.48,-0.901,-0.043,27.9,SAFE,0
2026-01-02 05:45:00,NODE-03,1.396,8.109,0.283,3.388,92.78,-1.211,-0.105,24.6,SAFE,0
2026-01-02 06:00:00,NODE-04,1.37,8.688,0.265,2.113,93.88,0.58,-0.027,20.4,SAFE,0
2026-01-02 06:15:00,NODE-05,1.188,8.956,0.382,2.412,95.02,0.268,-0.181,25.1,SAFE,0
2026-01-02 06:30:00,NODE-02,0.439,4.837,0.314,1.267,97.81,-4.119,-0.75,15.7,SAFE,0
2026-01-02 06:45:00,NODE-01,0.384,1.262,0.269,0.534,94.66,-3.575,-0.054,9.8,SAFE,1
2026-01-02 07:00:00,NODE-02,3.406,23.123,0.881,7.709,95.41,21.862,3.022,83.2,CRITICAL,0
2026-01-02 07:15:00,NODE-03,0.209,3.312,0.196,0.23,98.14,-19.812,-3.197,5.6,SAFE,0
2026-01-02 07:30:00,NODE-05,1.583,10.976,0.417,3.641,96.07,7.664,1.374,49.0,LOW,0
2026-01-02 07:45:00,NODE-05,1.983,14.098,0.481,4.123,96.59,3.122,0.4,49.1,LOW,0
2026-01-02 08:00:00,NODE-01,2.844,15.848,0.575,5.744,94.78,1.75,0.861,57.4,LOW,0
2026-01-02 08:15:00,NODE-03,0.892,7.014,0.345,2.638,96.96,-8.833,-1.951,21.5,SAFE,0
2026-01-02 08:30:00,NODE-02,0.818,4.657,0.301,1.231,97.14,-2.358,-0.074,18.9,SAFE,0
2026-01-02 08:45:00,NODE-02,1.697,9.785,0.401,2.18,96.14,5.129,0.878,46.6,LOW,0
2026-01-02 09:00:00,NODE-01,0.966,5.395,0.288,1.897,95.43,-4.391,-0.731,14.6,SAFE,1
2026-01-02 09:15:00,NODE-02,4.366,28.842,1.172,9.904,96.21,23.447,3.4,88.9,CRITICAL,0
2026-01-02 09:30:00,NODE-05,2.103,13.947,0.694,4.431,93.58,-14.894,-2.263,48.9,LOW,0
2026-01-02 09:45:00,NODE-02,1.088,6.404,0.232,1.865,96.83,-7.543,-1.014,17.0,SAFE,0
2026-01-02 10:00:00,NODE-03,1.209,4.125,0.127,1.686,94.51,-2.279,0.12,20.2,SAFE,0
2026-01-02 10:15:00,NODE-04,0.626,2.075,0.222,1.06,95.19,-2.05,-0.583,12.6,SAFE,0
2026-01-02 10:30:00,NODE-02,1.248,6.604,0.378,1.821,97.1,4.529,0.622,38.7,SAFE,0
2026-01-02 10:45:00,NODE-05,2.23,14.218,0.455,4.692,96.83,7.615,0.982,55.3,LOW,0
2026-01-02 11:00:00,NODE-05,0.773,7.01,0.294,1.984,93.56,-7.209,-1.457,17.9,SAFE,0
2026-01-02 11:15:00,NODE-02,1.856,11.433,0.473,3.792,94.37,4.424,1.083,47.7,LOW,0
2026-01-02 11:30:00,NODE-03,1.067,7.654,0.32,1.984,96.27,-3.78,-0.79,23.3,SAFE,0
2026-01-02 11:45:00,NODE-02,1.67,10.492,0.442,3.718,93.41,2.839,0.603,42.3,LOW,0
2026-01-02 12:00:00,NODE-02,1.637,11.963,0.394,3.399,97.2,1.471,-0.033,37.1,SAFE,0
2026-01-02 12:15:00,NODE-01,0.867,5.48,0.121,0.872,95.63,-6.484,-0.77,17.1,SAFE,0
2026-01-02 12:30:00,NODE-03,1.995,12.414,0.517,3.723,97.18,6.935,1.128,53.4,LOW,0
2026-01-02 12:45:00,NODE-03,0.403,2.229,0.128,1.207,94.59,-10.185,-1.592,11.1,SAFE,0
2026-01-02 13:00:00,NODE-01,0.553,4.857,0.194,1.278,94.69,2.628,0.151,18.6,SAFE,0
2026-01-02 13:15:00,NODE-02,1.072,6.209,0.261,1.49,96.72,1.353,0.518,23.6,SAFE,1
2026-01-02 13:30:00,NODE-05,2.42,16.2,0.534,4.995,95.12,9.991,1.348,63.9,WARNING,0
2026-01-02 13:45:00,NODE-02,1.628,8.727,0.404,3.294,93.98,-7.473,-0.792,29.5,SAFE,0
2026-01-02 14:00:00,NODE-01,0.756,4.546,0.216,0.936,96.14,-4.18,-0.872,10.3,SAFE,0
2026-01-02 14:15:00,NODE-03,0.47,1.669,0.211,0.814,93.55,-2.877,-0.286,9.9,SAFE,0
2026-01-02 14:30:00,NODE-05,1.581,11.22,0.52,3.77,97.19,9.551,1.111,47.7,LOW,0
2026-01-02 14:45:00,NODE-02,1.026,8.285,0.28,2.451,95.68,-2.935,-0.555,28.7,SAFE,0
2026-01-02 15:00:00,NODE-04,1.476,10.311,0.389,2.072,94.39,2.026,0.45,38.3,SAFE,0
2026-01-02 15:15:00,NODE-04,1.419,9.077,0.26,2.131,96.82,-1.234,-0.057,21.6,SAFE,1
2026-01-02 15:30:00,NODE-02,4.653,34.321,1.281,10.759,96.84,25.244,3.235,92.2,CRITICAL,0
2026-01-02 15:45:00,NODE-04,1.011,8.254,0.376,2.286,95.45,-26.066,-3.642,27.1,SAFE,0
2026-01-02 16:00:00,NODE-02,2.089,12.866,0.348,4.122,98.17,4.611,1.078,51.7,LOW,0
2026-01-02 16:15:00,NODE-04,0.375,4.511,0.196,1.568,98.14,-8.355,-1.714,10.6,SAFE,0
2026-01-02 16:30:00,NODE-04,0.244,1.988,0.093,0.242,95.82,-2.523,-0.131,4.9,SAFE,0
2026-01-02 16:45:00,NODE-03,1.779,11.671,0.444,3.378,96.71,9.683,1.536,46.9,LOW,0
2026-01-02 17:00:00,NODE-01,0.871,4.617,0.16,1.321,97.0,-7.054,-0.909,13.1,SAFE,0
2026-01-02 17:15:00,NODE-05,1.494,10.951,0.356,2.955,94.06,6.334,0.624,40.3,LOW,0
2026-01-02 17:30:00,NODE-02,2.503,13.242,0.638,4.617,95.76,2.29,1.009,58.5,LOW,0
2026-01-02 17:45:00,NODE-01,0.5,1.197,0.136,0.333,94.6,-12.044,-2.003,3.0,SAFE,0
2026-01-02 18:00:00,NODE-01,1.309,8.809,0.308,2.887,94.42,7.612,0.809,42.1,LOW,0
2026-01-02 18:15:00,NODE-03,0.583,2.549,0.135,0.782,95.55,-6.26,-0.727,8.0,SAFE,0
2026-01-02 18:30:00,NODE-04,0.957,7.099,0.297,1.898,95.64,4.55,0.374,32.9,SAFE,0
2026-01-02 18:45:00,NODE-01,0.128,0.924,0.112,0.0,93.47,-6.175,-0.829,1.7,SAFE,0
2026-01-02 19:00:00,NODE-03,0.31,1.625,0.13,1.154,95.81,0.701,0.182,11.6,SAFE,0
2026-01-02 19:15:00,NODE-02,0.983,4.276,0.254,1.326,95.09,2.651,0.673,29.8,SAFE,0
2026-01-02 19:30:00,NODE-04,0.269,3.39,0.222,0.805,97.07,-0.886,-0.713,8.4,SAFE,0
2026-01-02 19:45:00,NODE-01,1.654,9.987,0.321,3.098,96.78,6.597,1.384,39.7,SAFE,0
2026-01-02 20:00:00,NODE-04,1.417,10.093,0.404,2.461,94.36,0.106,-0.237,28.7,SAFE,1
2026-01-02 20:15:00,NODE-02,2.594,14.962,0.676,5.208,96.96,4.868,1.177,63.7,WARNING,0
2026-01-02 20:30:00,NODE-05,0.401,5.418,0.162,0.833,96.02,-9.544,-2.193,7.7,SAFE,0
2026-01-02 20:45:00,NODE-01,0.848,5.57,0.349,1.401,95.11,0.152,0.448,18.3,SAFE,1
2026-01-02 21:00:00,NODE-02,2.948,20.311,0.727,5.524,94.76,14.741,2.1,70.2,WARNING,0
2026-01-02 21:15:00,NODE-01,0.751,5.155,0.175,1.633,93.99,-15.156,-2.197,9.0,SAFE,1
2026-01-02 21:30:00,NODE-05,2.165,17.304,0.594,6.097,93.9,12.149,1.414,66.2,WARNING,0
2026-01-02 21:45:00,NODE-05,1.429,11.826,0.493,3.502,93.17,-5.478,-0.736,31.7,SAFE,0
2026-01-02 22:00:00,NODE-02,0.411,4.492,0.232,1.784,95.38,-7.334,-1.017,14.3,SAFE,0
2026-01-02 22:15:00,NODE-04,0.169,5.185,0.223,1.108,92.88,0.693,-0.242,11.0,SAFE,0
2026-01-02 22:30:00,NODE-05,0.468,2.653,0.167,0.759,94.31,-2.532,0.299,15.8,SAFE,0
2026-01-02 22:45:00,NODE-03,1.526,10.568,0.389,3.579,96.13,7.915,1.058,42.5,LOW,0
2026-01-02 23:00:00,NODE-03,0.816,6.382,0.261,2.054,97.13,-4.186,-0.711,17.1,SAFE,1
2026-01-02 23:15:00,NODE-02,3.585,22.912,0.821,7.287,93.96,16.529,2.77,85.1,CRITICAL,0
2026-01-02 23:30:00,NODE-01,1.167,6.158,0.253,1.252,96.07,-16.753,-2.419,14.7,SAFE,0
2026-01-02 23:45:00,NODE-05,0.986,5.792,0.213,1.581,94.96,-0.366,-0.181,17.0,SAFE,0
2026-01-03 00:00:00,NODE-05,0.226,3.972,0.059,0.663,94.71,-1.82,-0.76,8.9,SAFE,0
2026-01-03 00:15:00,NODE-04,1.889,14.412,0.45,4.341,95.51,10.439,1.663,50.4,LOW,0
2026-01-03 00:30:00,NODE-02,1.013,4.416,0.273,1.812,94.54,-9.996,-0.877,15.1,SAFE,0
2026-01-03 00:45:00,NODE-02,0.896,4.042,0.114,2.558,95.22,-0.374,-0.117,16.3,SAFE,0
2026-01-03 01:00:00,NODE-04,1.54,9.786,0.308,2.554,95.4,5.744,0.644,42.5,LOW,0
2026-01-03 01:15:00,NODE-05,1.046,5.826,0.348,2.08,96.7,-3.961,-0.494,17.9,SAFE,0
2026-01-03 01:30:00,NODE-05,1.318,8.349,0.493,3.056,96.96,2.523,0.272,42.8,LOW,0
2026-01-03 01:45:00,NODE-04,0.366,1.201,0.143,0.951,94.59,-7.148,-0.952,8.1,SAFE,0
2026-01-03 02:00:00,NODE-04,1.315,8.007,0.227,1.895,94.98,6.806,0.949,38.3,SAFE,0
2026-01-03 02:15:00,NODE-01,0.803,6.713,0.211,1.72,96.26,-1.294,-0.513,19.0,SAFE,0
2026-01-03 02:30:00,NODE-01,1.279,10.194,0.407,3.276,95.08,3.482,0.476,38.5,SAFE,0
2026-01-03 02:45:00,NODE-05,1.922,12.91,0.599,4.12,96.15,2.716,0.643,52.4,LOW,0
2026-01-03 03:00:00,NODE-03,0.341,4.249,0.302,1.925,96.37,-8.661,-1.581,14.2,SAFE,0
2026-01-03 03:15:00,NODE-01,1.957,13.165,0.372,4.442,96.51,8.916,1.616,51.9,LOW,0
2026-01-03 03:30:00,NODE-01,0.165,2.745,0.119,0.788,95.38,-10.419,-1.793,7.4,SAFE,0
2026-01-03 03:45:00,NODE-04,0.876,6.487,0.203,2.587,93.88,3.742,0.711,29.1,SAFE,0
2026-01-03 04:00:00,NODE-01,1.128,8.785,0.312,1.998,95.07,2.298,0.252,32.4,SAFE,0
2026-01-03 04:15:00,NODE-01,2.23,13.789,0.501,4.149,94.66,5.004,1.102,54.5,LOW,0
2026-01-03 04:30:00,NODE-03,1.599,10.619,0.452,2.965,96.2,-3.17,-0.632,25.4,SAFE,0
2026-01-03 04:45:00,NODE-04,0.342,4.171,0.22,1.421,97.09,-6.448,-1.257,13.0,SAFE,0
2026-01-03 05:00:00,NODE-04,1.675,8.503,0.471,3.583,97.12,4.332,1.333,42.7,LOW,0
2026-01-03 05:15:00,NODE-02,1.255,9.496,0.266,2.989,96.32,0.992,-0.419,28.2,SAFE,1
2026-01-03 05:30:00,NODE-04,2.613,16.995,0.62,5.403,94.13,7.499,1.358,64.1,WARNING,0
2026-01-03 05:45:00,NODE-02,1.004,3.803,0.146,1.377,96.93,-13.192,-1.609,8.9,SAFE,0
2026-01-03 06:00:00,NODE-02,0.909,4.23,0.389,1.908,95.76,0.427,-0.095,14.8,SAFE,1
2026-01-03 06:15:00,NODE-04,2.576,16.013,0.606,5.306,94.25,11.783,1.667,64.5,WARNING,0
2026-01-03 06:30:00,NODE-04,2.111,14.264,0.456,4.212,96.27,-1.75,-0.465,38.3,SAFE,1
2026-01-03 06:45:00,NODE-05,2.678,17.009,0.594,5.167,94.97,2.745,0.567,61.3,WARNING,0
2026-01-03 07:00:00,NODE-04,1.308,9.81,0.338,2.114,92.89,-7.199,-1.37,25.2,SAFE,0
2026-01-03 07:15:00,NODE-03,1.53,9.8,0.431,3.419,94.05,-0.01,0.222,27.6,SAFE,0
2026-01-03 07:30:00,NODE-01,1.844,9.128,0.507,3.661,95.14,-0.672,0.314,33.9,SAFE,0
2026-01-03 07:45:00,NODE-02,0.604,3.392,0.192,1.569,95.09,-5.736,-1.241,12.1,SAFE,1
2026-01-03 08:00:00,NODE-02,2.258,14.856,0.598,5.295,93.94,11.464,1.654,64.8,WARNING,0
2026-01-03 08:15:00,NODE-02,0.484,2.397,0.193,0.419,96.11,-12.459,-1.773,5.6,SAFE,0
2026-01-03 08:30:00,NODE-05,0.619,5.965,0.247,1.148,95.83,3.567,0.134,27.5,SAFE,1
2026-01-03 08:45:00,NODE-02,2.388,16.136,0.597,4.563,93.48,10.171,1.77,60.5,WARNING,0
2026-01-03 09:00:00,NODE-05,1.22,7.137,0.382,2.377,98.36,-8.998,-1.168,20.3,SAFE,0
2026-01-03 09:15:00,NODE-04,1.262,8.573,0.292,2.794,93.74,1.435,0.042,28.2,SAFE,0
2026-01-03 09:30:00,NODE-04,0.892,6.36,0.308,1.732,94.65,-2.213,-0.37,20.6,SAFE,0
2026-01-03 09:45:00,NODE-03,0.791,1.074,0.09,1.147,95.64,-5.286,-0.102,10.5,SAFE,0
2026-01-03 10:00:00,NODE-03,0.26,1.436,0.245,0.758,94.64,0.363,-0.531,7.4,SAFE,0
2026-01-03 10:15:00,NODE-03,1.541,9.675,0.342,2.354,96.93,8.239,1.281,42.5,LOW,0
2026-01-03 10:30:00,NODE-01,1.576,10.302,0.464,2.963,94.97,0.627,0.036,30.1,SAFE,0
2026-01-03 10:45:00,NODE-04,1.466,11.44,0.341,2.772,94.07,1.138,-0.11,32.4,SAFE,0
2026-01-03 11:00:00,NODE-02,0.831,5.336,0.248,1.906,95.91,-6.105,-0.635,15.7,SAFE,0
2026-01-03 11:15:00,NODE-01,0.583,5.468,0.197,1.089,91.69,0.133,-0.248,15.9,SAFE,0
2026-01-03 11:30:00,NODE-04,0.97,7.835,0.266,2.342,95.81,2.366,0.387,33.1,SAFE,1
2026-01-03 11:45:00,NODE-01,2.668,19.477,0.713,5.704,96.71,11.643,1.697,67.6,WARNING,0
2026-01-03 12:00:00,NODE-05,1.506,8.897,0.396,1.466,92.39,-10.58,-1.162,22.6,SAFE,0
2026-01-03 12:15:00,NODE-05,1.016,6.923,0.385,1.451,94.67,-1.974,-0.49,19.7,SAFE,0
2026-01-03 12:30:00,NODE-05,0.848,8.446,0.35,2.34,93.18,1.523,-0.168,27.0,SAFE,0
2026-01-03 12:45:00,NODE-02,0.851,6.806,0.249,2.475,95.17,-1.64,0.004,19.1,SAFE,0
2026-01-03 13:00:00,NODE-01,2.021,12.673,0.506,4.785,97.84,5.866,1.17,53.9,LOW,0
2026-01-03 13:15:00,NODE-05,1.529,11.53,0.495,3.781,95.42,-1.143,-0.492,37.2,SAFE,0
2026-01-03 13:30:00,NODE-03,1.033,5.591,0.177,1.762,94.88,-5.939,-0.496,15.6,SAFE,0
2026-01-03 13:45:00,NODE-05,0.711,4.726,0.295,2.329,91.75,-0.865,-0.322,18.0,SAFE,0
2026-01-03 14:00:00,NODE-05,1.416,6.137,0.33,1.498,93.8,1.411,0.705,36.0,SAFE,0
2026-01-03 14:15:00,NODE-05,1.329,8.777,0.434,3.265,94.97,2.64,-0.087,34.8,SAFE,0
2026-01-03 14:30:00,NODE-02,0.759,5.058,0.236,1.08,95.24,-3.718,-0.57,14.5,SAFE,0
2026-01-03 14:45:00,NODE-02,1.014,6.66,0.265,1.868,95.53,1.602,0.255,26.8,SAFE,1
2026-01-03 15:00:00,NODE-05,2.647,16.211,0.776,5.795,96.04,9.551,1.633,66.9,WARNING,0
2026-01-03 15:15:00,NODE-02,2.143,14.184,0.625,3.931,94.03,-2.027,-0.505,41.2,LOW,0
2026-01-03 15:30:00,NODE-01,0.628,7.664,0.328,2.026,95.16,-6.52,-1.515,17.3,SAFE,0
2026-01-03 15:45:00,NODE-03,0.756,5.632,0.21,2.061,94.51,-2.032,0.129,18.5,SAFE,0
2026-01-03 16:00:00,NODE-05,1.533,12.701,0.381,3.309,93.98,7.068,0.777,42.8,LOW,1
2026-01-03 16:15:00,NODE-04,2.853,18.859,0.699,6.259,94.05,6.159,1.32,75.2,WARNING,0
2026-01-03 16:30:00,NODE-03,2.258,16.039,0.486,4.912,95.75,-2.82,-0.595,48.6,LOW,0
2026-01-03 16:45:00,NODE-01,0.793,5.355,0.227,1.723,92.02,-10.684,-1.465,15.1,SAFE,0
2026-01-03 17:00:00,NODE-03,1.795,9.043,0.446,3.266,92.86,3.688,1.001,48.3,LOW,0
2026-01-03 17:15:00,NODE-05,0.398,4.185,0.226,1.397,98.89,-4.858,-1.397,11.4,SAFE,0
2026-01-03 17:30:00,NODE-01,1.369,10.78,0.447,3.904,94.29,6.595,0.971,47.1,LOW,0
2026-01-03 17:45:00,NODE-03,1.564,10.454,0.59,3.522,96.84,-0.326,0.195,33.1,SAFE,0
2026-01-03 18:00:00,NODE-05,1.649,9.814,0.464,2.652,95.0,-0.64,0.085,32.1,SAFE,0
2026-01-03 18:15:00,NODE-04,0.725,4.061,0.204,1.498,94.4,-5.753,-0.924,12.1,SAFE,0
2026-01-03 18:30:00,NODE-04,0.831,6.964,0.327,1.95,95.86,2.903,0.106,31.9,SAFE,0
2026-01-03 18:45:00,NODE-04,1.423,9.901,0.34,3.234,95.16,2.936,0.593,42.4,LOW,0
2026-01-03 19:00:00,NODE-02,1.09,5.359,0.241,1.077,94.85,-4.542,-0.333,15.8,SAFE,0
2026-01-03 19:15:00,NODE-02,0.649,5.229,0.216,1.961,95.01,-0.13,-0.442,11.9,SAFE,0
2026-01-03 19:30:00,NODE-04,2.056,16.186,0.463,3.999,95.53,10.957,1.407,56.1,LOW,0
2026-01-03 19:45:00,NODE-05,0.541,4.173,0.177,1.561,94.23,-12.013,-1.515,9.8,SAFE,0
2026-01-03 20:00:00,NODE-05,2.053,14.756,0.525,3.901,94.47,10.583,1.512,55.2,LOW,0
2026-01-03 20:15:00,NODE-05,0.651,5.272,0.215,0.935,93.87,-9.484,-1.401,18.0,SAFE,0
2026-01-03 20:30:00,NODE-03,1.704,11.331,0.469,3.617,93.59,6.06,1.053,45.2,LOW,1
2026-01-03 20:45:00,NODE-03,2.69,18.794,0.647,6.185,97.26,7.462,0.985,68.8,WARNING,0
2026-01-03 21:00:00,NODE-04,1.597,10.834,0.499,3.23,93.95,-7.96,-1.093,30.5,SAFE,1
2026-01-03 21:15:00,NODE-04,5.035,35.762,1.245,11.238,96.23,24.928,3.438,87.4,CRITICAL,0
2026-01-03 21:30:00,NODE-04,1.155,6.022,0.215,1.42,94.6,-29.74,-3.88,15.4,SAFE,0
2026-01-03 21:45:00,NODE-04,0.826,7.947,0.23,2.063,95.67,1.925,-0.329,29.7,SAFE,0
2026-01-03 22:00:00,NODE-05,0.999,6.671,0.292,1.057,95.02,-1.276,0.172,22.9,SAFE,1
2026-01-03 22:15:00,NODE-02,4.593,32.07,1.208,9.766,92.87,25.399,3.594,87.4,CRITICAL,0
2026-01-03 22:30:00,NODE-02,2.31,17.129,0.601,4.421,95.05,-14.941,-2.283,46.8,LOW,0
2026-01-03 22:45:00,NODE-01,2.749,18.883,0.589,5.27,95.74,1.754,0.439,58.2,LOW,0
2026-01-03 23:00:00,NODE-03,1.428,9.0,0.449,2.187,93.86,-9.883,-1.321,24.6,SAFE,0
2026-01-03 23:15:00,NODE-01,1.342,8.047,0.294,2.554,97.79,-0.952,-0.086,18.9,SAFE,0
2026-01-03 23:30:00,NODE-03,1.235,6.985,0.24,2.5,95.97,-1.062,-0.107,27.0,SAFE,0
2026-01-03 23:45:00,NODE-03,0.361,1.192,0.129,0.704,95.98,-5.793,-0.874,8.9,SAFE,0
2026-01-04 00:00:00,NODE-02,2.342,14.739,0.568,4.163,96.1,13.546,1.981,55.9,LOW,0
2026-01-04 00:15:00,NODE-03,1.68,13.034,0.463,4.004,92.19,-1.704,-0.663,36.9,SAFE,0
2026-01-04 00:30:00,NODE-01,0.811,5.961,0.048,1.703,95.83,-7.073,-0.868,13.5,SAFE,0
2026-01-04 00:45:00,NODE-01,1.694,9.46,0.473,3.955,97.71,3.499,0.883,50.0,LOW,0
2026-01-04 01:00:00,NODE-05,0.458,1.449,0.232,0.7,95.89,-8.011,-1.236,7.2,SAFE,0
2026-01-04 01:15:00,NODE-02,1.433,8.531,0.331,2.627,94.66,7.081,0.975,40.0,LOW,1
2026-01-04 01:30:00,NODE-01,5.111,34.366,1.324,10.904,93.63,25.835,3.678,88.3,CRITICAL,0
2026-01-04 01:45:00,NODE-03,1.674,9.548,0.47,3.22,93.51,-24.818,-3.437,32.3,SAFE,0
2026-01-04 02:00:00,NODE-04,1.382,10.785,0.43,3.411,93.37,1.238,-0.292,40.3,LOW,0
2026-01-04 02:15:00,NODE-01,0.879,7.983,0.224,1.719,94.48,-2.802,-0.503,18.2,SAFE,1
2026-01-04 02:30:00,NODE-04,2.171,17.506,0.618,5.059,93.68,9.523,1.292,61.6,WARNING,0
2026-01-04 02:45:00,NODE-01,1.742,12.068,0.479,3.789,94.77,-5.439,-0.429,35.1,SAFE,0
2026-01-04 03:00:00,NODE-01,0.601,7.012,0.251,1.221,95.19,-5.055,-1.141,16.4,SAFE,0
2026-01-04 03:15:00,NODE-03,0.462,3.174,0.247,1.183,92.88,-3.839,-0.139,10.4,SAFE,0
2026-01-04 03:30:00,NODE-03,2.372,16.64,0.61,4.485,94.02,13.466,1.909,59.9,LOW,0
2026-01-04 03:45:00,NODE-04,1.825,9.621,0.42,3.914,94.24,-7.019,-0.546,32.9,SAFE,0
2026-01-04 04:00:00,NODE-04,1.288,10.176,0.318,2.23,94.21,0.555,-0.538,22.8,SAFE,0
2026-01-04 04:15:00,NODE-05,0.767,5.947,0.157,1.037,94.95,-4.229,-0.521,12.5,SAFE,0
2026-01-04 04:30:00,NODE-03,0.699,3.734,0.195,1.276,95.08,-2.213,-0.068,7.4,SAFE,0
2026-01-04 04:45:00,NODE-02,1.854,10.569,0.497,3.727,94.42,6.835,1.154,48.0,LOW,0
2026-01-04 05:00:00,NODE-04,0.303,0.989,0.121,1.302,94.12,-9.58,-1.551,4.7,SAFE,0
2026-01-04 05:15:00,NODE-02,0.229,1.769,0.205,0.541,94.89,0.78,-0.074,10.8,SAFE,0
2026-01-04 05:30:00,NODE-03,1.349,4.335,0.354,1.731,96.65,2.566,1.119,30.7,SAFE,0
2026-01-04 05:45:00,NODE-01,1.337,6.256,0.24,2.068,93.16,1.922,-0.012,25.8,SAFE,0
2026-01-04 06:00:00,NODE-01,2.075,13.609,0.604,3.878,96.27,7.352,0.738,49.5,LOW,0
2026-01-04 06:15:00,NODE-05,0.71,6.92,0.311,1.85,92.94,-6.689,-1.365,21.0,SAFE,0
2026-01-04 06:30:00,NODE-05,1.751,9.94,0.429,4.076,95.34,3.02,1.041,45.4,LOW,0
2026-01-04 06:45:00,NODE-04,1.682,11.958,0.469,3.942,96.16,2.018,-0.069,40.5,LOW,0
2026-01-04 07:00:00,NODE-02,1.781,11.934,0.482,3.402,93.31,-0.024,0.099,36.9,SAFE,0
2026-01-04 07:15:00,NODE-01,1.807,12.142,0.418,4.138,95.31,0.208,0.027,38.5,SAFE,0
2026-01-04 07:30:00,NODE-01,1.841,13.614,0.509,3.634,93.63,1.472,0.033,39.5,SAFE,0
2026-01-04 07:45:00,NODE-02,0.333,2.806,0.194,1.32,96.29,-10.808,-1.507,11.3,SAFE,0
2026-01-04 08:00:00,NODE-03,1.226,7.892,0.304,2.422,92.96,5.086,0.893,35.2,SAFE,1
2026-01-04 08:15:00,NODE-04,2.679,17.286,0.594,5.496,93.81,9.394,1.453,65.8,WARNING,0
2026-01-04 08:30:00,NODE-04,2.389,16.963,0.638,4.452,95.03,-0.324,-0.29,44.5,LOW,0
2026-01-04 08:45:00,NODE-02,1.136,4.61,0.383,1.525,95.72,-12.352,-1.254,15.6,SAFE,0
2026-01-04 09:00:00,NODE-05,2.007,10.543,0.447,4.482,94.98,5.932,0.872,51.2,LOW,0
2026-01-04 09:15:00,NODE-04,0.755,5.812,0.218,1.996,95.46,-4.731,-1.252,15.0,SAFE,0
2026-01-04 09:30:00,NODE-03,1.878,10.841,0.468,4.191,94.2,5.029,1.123,55.4,LOW,0
2026-01-04 09:45:00,NODE-03,0.913,4.823,0.387,2.136,93.55,-6.018,-0.965,17.4,SAFE,0
2026-01-04 10:00:00,NODE-02,1.667,11.906,0.361,2.707,96.61,7.083,0.754,42.5,LOW,0
2026-01-04 10:15:00,NODE-02,1.777,11.215,0.495,3.544,95.45,-0.69,0.109,32.5,SAFE,0
2026-01-04 10:30:00,NODE-02,1.362,7.195,0.313,2.609,94.26,-4.02,-0.415,23.6,SAFE,0
2026-01-04 10:45:00,NODE-04,0.442,3.592,0.152,1.334,92.86,-3.603,-0.92,11.0,SAFE,0
2026-01-04 11:00:00,NODE-01,1.676,13.228,0.433,3.911,96.31,9.636,1.234,51.5,LOW,0
2026-01-04 11:15:00,NODE-01,1.101,7.413,0.289,1.926,96.35,-5.815,-0.575,22.9,SAFE,0
2026-01-04 11:30:00,NODE-01,0.993,6.158,0.204,1.787,94.57,-1.255,-0.109,13.4,SAFE,0
2026-01-04 11:45:00,NODE-01,1.134,6.358,0.311,2.434,94.03,0.199,0.141,25.3,SAFE,0
2026-01-04 12:00:00,NODE-05,1.731,12.208,0.276,3.47,94.51,5.85,0.597,44.0,LOW,0
2026-01-04 12:15:00,NODE-04,1.183,7.674,0.196,2.125,94.57,-4.534,-0.547,21.7,SAFE,0
2026-01-04 12:30:00,NODE-03,0.883,5.383,0.304,1.664,95.74,-2.291,-0.3,21.5,SAFE,0
2026-01-04 12:45:00,NODE-01,0.933,4.59,0.295,1.616,93.45,-0.793,0.05,14.7,SAFE,0
2026-01-04 13:00:00,NODE-03,1.25,7.027,0.487,1.841,94.11,2.437,0.317,31.4,SAFE,0
2026-01-04 13:15:00,NODE-03,2.111,11.707,0.516,3.515,94.59,4.68,0.861,48.6,LOW,0
2026-01-04 13:30:00,NODE-01,1.712,11.534,0.35,2.731,95.11,-0.173,-0.399,29.4,SAFE,0
2026-01-04 13:45:00,NODE-03,0.726,3.396,0.138,1.848,95.84,-8.138,-0.986,16.1,SAFE,0
2026-01-04 14:00:00,NODE-02,1.918,10.072,0.496,3.173,95.17,6.676,1.192,44.8,LOW,0
2026-01-04 14:15:00,NODE-03,1.521,6.331,0.283,2.814,96.9,-3.741,-0.397,22.4,SAFE,0
2026-01-04 14:30:00,NODE-04,1.207,8.524,0.3,2.976,93.6,2.193,-0.315,34.7,SAFE,0
2026-01-04 14:45:00,NODE-01,2.08,14.244,0.576,4.226,96.54,5.72,0.873,57.6,LOW,0
2026-01-04 15:00:00,NODE-02,1.15,10.408,0.418,2.842,93.64,-3.836,-0.93,26.5,SAFE,0
2026-01-04 15:15:00,NODE-04,1.362,11.169,0.397,3.424,94.3,0.761,0.213,34.2,SAFE,1
2026-01-04 15:30:00,NODE-03,3.882,29.611,0.946,9.093,95.24,18.442,2.52,91.1,CRITICAL,0
2026-01-04 15:45:00,NODE-05,0.759,3.96,0.222,1.525,96.18,-25.651,-3.123,17.8,SAFE,0
2026-01-04 16:00:00,NODE-04,0.758,5.14,0.227,1.835,94.3,1.18,-0.001,24.0,SAFE,1
2026-01-04 16:15:00,NODE-01,2.027,15.474,0.632,3.795,95.24,10.334,1.269,60.1,WARNING,0
2026-01-04 16:30:00,NODE-01,0.777,1.633,0.007,0.937,94.38,-13.841,-1.25,5.9,SAFE,0
2026-01-04 16:45:00,NODE-04,0.879,4.06,0.219,1.421,92.0,2.428,0.102,27.6,SAFE,0
2026-01-04 17:00:00,NODE-01,0.846,7.316,0.371,2.278,94.71,3.256,-0.033,29.4,SAFE,0
2026-01-04 17:15:00,NODE-03,1.499,11.988,0.385,3.294,93.26,4.672,0.653,42.1,LOW,0
2026-01-04 17:30:00,NODE-05,0.99,6.67,0.226,2.277,96.27,-5.317,-0.51,19.8,SAFE,0
2026-01-04 17:45:00,NODE-03,1.389,10.067,0.304,2.348,96.28,3.397,0.399,42.4,LOW,0
2026-01-04 18:00:00,NODE-02,0.858,3.793,0.253,1.785,93.74,-6.274,-0.531,16.8,SAFE,1
2026-01-04 18:15:00,NODE-04,2.881,22.463,0.743,6.699,93.55,18.67,2.023,75.9,WARNING,0
2026-01-04 18:30:00,NODE-03,1.356,7.905,0.314,2.105,93.98,-14.558,-1.525,23.8,SAFE,0
2026-01-04 18:45:00,NODE-03,1.489,9.722,0.475,3.427,95.37,1.817,0.133,39.0,SAFE,0
2026-01-04 19:00:00,NODE-05,0.472,4.414,0.151,0.936,95.37,-5.308,-1.016,11.1,SAFE,0
2026-01-04 19:15:00,NODE-02,0.605,3.446,0.273,1.407,98.81,-0.968,0.133,13.2,SAFE,0
2026-01-04 19:30:00,NODE-05,2.457,13.667,0.556,4.005,94.35,10.221,1.851,54.6,LOW,0
2026-01-04 19:45:00,NODE-05,0.86,6.414,0.231,2.129,94.83,-7.253,-1.597,18.7,SAFE,0
2026-01-04 20:00:00,NODE-01,2.255,14.97,0.584,4.739,97.03,8.555,1.395,58.7,LOW,0
2026-01-04 20:15:00,NODE-01,0.868,7.661,0.317,1.94,95.05,-7.308,-1.387,20.2,SAFE,0
2026-01-04 20:30:00,NODE-01,1.336,11.301,0.433,2.982,93.4,3.64,0.469,45.9,LOW,0
2026-01-04 20:45:00,NODE-01,0.583,5.152,0.243,0.956,95.11,-6.149,-0.753,12.5,SAFE,0
2026-01-04 21:00:00,NODE-01,1.253,8.389,0.323,1.955,95.54,3.237,0.67,37.1,SAFE,0
2026-01-04 21:15:00,NODE-04,2.434,16.531,0.395,4.863,94.28,8.142,1.181,59.9,LOW,0
2026-01-04 21:30:00,NODE-01,1.932,15.317,0.574,4.374,95.65,-1.214,-0.502,48.4,LOW,0
2026-01-04 21:45:00,NODE-02,1.279,7.861,0.198,2.384,95.54,-7.456,-0.653,19.2,SAFE,0
2026-01-04 22:00:00,NODE-05,0.878,6.766,0.257,2.088,94.13,-1.094,-0.402,21.8,SAFE,0
2026-01-04 22:15:00,NODE-01,1.005,5.692,0.168,2.232,96.54,-1.074,0.127,18.0,SAFE,0
2026-01-04 22:30:00,NODE-05,1.181,10.031,0.491,2.554,93.74,4.338,0.176,38.7,SAFE,0
2026-01-04 22:45:00,NODE-02,2.109,17.5,0.638,4.848,95.2,7.469,0.929,58.5,LOW,0
2026-01-04 23:00:00,NODE-01,0.644,3.853,0.219,1.65,93.95,-13.646,-1.465,18.2,SAFE,0
2026-01-04 23:15:00,NODE-04,0.763,4.598,0.313,1.312,92.64,0.744,0.118,18.9,SAFE,0
2026-01-04 23:30:00,NODE-04,0.775,6.708,0.305,2.012,95.09,2.11,0.013,27.7,SAFE,0
2026-01-04 23:45:00,NODE-05,0.848,5.35,0.19,1.04,96.97,-1.357,0.073,10.8,SAFE,0
2026-01-05 00:00:00,NODE-04,1.451,9.515,0.456,3.313,94.59,4.165,0.603,42.5,LOW,0
2026-01-05 00:15:00,NODE-04,0.525,3.875,0.139,0.971,92.86,-5.64,-0.926,11.4,SAFE,1
2026-01-05 00:30:00,NODE-02,2.627,15.932,0.542,5.218,94.92,12.057,2.102,61.9,WARNING,0
2026-01-05 00:45:00,NODE-01,1.13,6.517,0.369,2.506,93.66,-9.415,-1.497,23.4,SAFE,0
2026-01-05 01:00:00,NODE-04,1.489,9.347,0.412,3.916,95.91,2.83,0.359,48.0,LOW,0
2026-01-05 01:15:00,NODE-04,0.409,1.358,0.03,0.96,94.36,-7.989,-1.08,7.2,SAFE,0
2026-01-05 01:30:00,NODE-05,1.572,11.888,0.475,2.964,92.51,10.53,1.163,46.0,LOW,0
2026-01-05 01:45:00,NODE-02,1.223,9.106,0.383,2.513,95.24,-2.781,-0.349,23.9,SAFE,0
2026-01-05 02:00:00,NODE-02,1.602,10.86,0.503,2.989,94.88,1.753,0.378,38.2,SAFE,0
2026-01-05 02:15:00,NODE-04,0.934,5.452,0.309,1.828,94.26,-5.408,-0.668,16.9,SAFE,0
2026-01-05 02:30:00,NODE-02,2.037,13.507,0.421,4.045,93.37,8.056,1.103,51.9,LOW,1
2026-01-05 02:45:00,NODE-05,3.068,20.677,0.637,6.394,96.76,7.169,1.031,73.4,WARNING,0
2026-01-05 03:00:00,NODE-05,1.417,7.45,0.452,2.686,94.07,-13.227,-1.652,27.3,SAFE,0
2026-01-05 03:15:00,NODE-03,0.596,4.232,0.141,1.161,95.69,-3.217,-0.82,12.6,SAFE,0
2026-01-05 03:30:00,NODE-04,0.521,4.232,0.14,1.686,94.05,-0.0,-0.075,12.8,SAFE,0
2026-01-05 03:45:00,NODE-04,2.253,15.318,0.507,3.808,95.42,11.086,1.732,56.6,LOW,0
2026-01-05 04:00:00,NODE-01,0.944,6.52,0.315,1.081,94.66,-8.798,-1.309,23.6,SAFE,0
2026-01-05 04:15:00,NODE-05,0.603,5.254,0.23,1.643,94.63,-1.266,-0.341,13.0,SAFE,0
2026-01-05 04:30:00,NODE-03,0.883,6.086,0.34,2.226,93.6,0.832,0.28,24.4,SAFE,0
2026-01-05 04:45:00,NODE-05,2.165,15.225,0.563,4.605,95.22,9.139,1.283,53.8,LOW,0
2026-01-05 05:00:00,NODE-02,1.227,3.449,0.203,1.735,96.27,-11.777,-0.938,14.8,SAFE,1
2026-01-05 05:15:00,NODE-05,2.618,18.75,0.788,5.604,93.34,15.301,1.391,66.8,WARNING,0
2026-01-05 05:30:00,NODE-02,0.687,6.959,0.205,1.691,93.58,-11.79,-1.931,14.9,SAFE,0
2026-01-05 05:45:00,NODE-01,1.994,11.227,0.519,3.782,98.11,4.268,1.307,47.9,LOW,0
2026-01-05 06:00:00,NODE-05,1.182,8.823,0.389,2.839,93.37,-2.404,-0.812,22.5,SAFE,0
2026-01-05 06:15:00,NODE-01,1.125,8.428,0.277,1.703,93.9,-0.395,-0.057,21.4,SAFE,0
2026-01-05 06:30:00,NODE-02,1.618,9.848,0.301,2.788,96.23,1.419,0.494,37.7,SAFE,0
2026-01-05 06:45:00,NODE-05,0.198,4.503,0.133,1.318,96.26,-5.345,-1.42,8.4,SAFE,0
2026-01-05 07:00:00,NODE-05,0.924,4.146,0.308,1.915,91.64,-0.357,0.726,16.7,SAFE,0
2026-01-05 07:15:00,NODE-03,0.884,4.868,0.298,2.081,95.47,0.722,-0.04,20.3,SAFE,0
2026-01-05 07:30:00,NODE-04,1.085,10.066,0.424,2.805,94.32,5.198,0.201,39.7,SAFE,0
2026-01-05 07:45:00,NODE-03,0.903,9.433,0.412,2.404,94.37,-0.633,-0.182,26.1,SAFE,0
2026-01-05 08:00:00,NODE-02,1.198,10.545,0.342,2.711,95.94,1.112,0.295,30.1,SAFE,0
2026-01-05 08:15:00,NODE-02,1.881,12.309,0.577,3.633,94.12,1.764,0.683,46.0,LOW,0
2026-01-05 08:30:00,NODE-04,1.02,7.682,0.25,1.883,93.92,-4.627,-0.861,17.2,SAFE,0
2026-01-05 08:45:00,NODE-04,1.116,10.452,0.382,1.93,94.15,2.77,0.097,33.0,SAFE,0
2026-01-05 09:00:00,NODE-04,2.2,14.777,0.712,4.979,94.11,4.325,1.084,58.7,LOW,0
2026-01-05 09:15:00,NODE-04,1.109,9.011,0.358,1.859,94.94,-5.766,-1.091,21.7,SAFE,0
2026-01-05 09:30:00,NODE-01,1.315,7.918,0.197,2.843,96.11,-1.093,0.207,24.2,SAFE,0
2026-01-05 09:45:00,NODE-03,1.649,11.112,0.446,3.489,95.03,3.194,0.334,45.3,LOW,0
2026-01-05 10:00:00,NODE-01,1.428,6.929,0.452,2.256,94.5,-4.183,-0.221,22.3,SAFE,1
2026-01-05 10:15:00,NODE-03,2.417,18.428,0.612,4.591,95.17,11.499,0.989,62.8,WARNING,0
2026-01-05 10:30:00,NODE-03,1.848,14.041,0.594,4.255,95.45,-4.387,-0.569,37.9,SAFE,0
2026-01-05 10:45:00,NODE-05,0.742,4.799,0.196,1.639,95.2,-9.242,-1.106,10.2,SAFE,0
2026-01-05 11:00:00,NODE-02,1.267,6.109,0.261,2.019,93.7,1.31,0.525,29.5,SAFE,0
2026-01-05 11:15:00,NODE-01,2.106,12.283,0.506,3.879,95.01,6.174,0.839,50.9,LOW,0
2026-01-05 11:30:00,NODE-01,1.425,11.78,0.535,3.407,91.95,-0.503,-0.681,28.8,SAFE,0
2026-01-05 11:45:00,NODE-04,2.025,13.325,0.506,3.916,96.33,1.545,0.6,49.1,LOW,0
2026-01-05 12:00:00,NODE-03,0.655,6.801,0.19,2.212,96.33,-6.525,-1.369,16.9,SAFE,0
2026-01-05 12:15:00,NODE-01,0.998,9.21,0.483,2.69,95.55,2.41,0.342,37.8,SAFE,0
2026-01-05 12:30:00,NODE-01,0.849,4.395,0.294,2.483,95.98,-4.816,-0.148,19.0,SAFE,0
2026-01-05 12:45:00,NODE-04,0.804,6.076,0.309,2.168,94.39,1.682,-0.045,21.7,SAFE,0
2026-01-05 13:00:00,NODE-01,0.975,4.785,0.129,1.509,93.57,-1.291,0.171,18.0,SAFE,1
2026-01-05 13:15:00,NODE-05,3.519,26.458,0.985,8.27,92.97,21.673,2.543,83.1,CRITICAL,0
2026-01-05 13:30:00,NODE-04,1.0,7.68,0.346,2.681,95.68,-18.779,-2.519,22.0,SAFE,0
2026-01-05 13:45:00,NODE-01,1.452,8.296,0.315,3.089,93.56,0.616,0.453,30.5,SAFE,0
2026-01-05 14:00:00,NODE-01,1.903,12.962,0.53,3.633,94.01,4.666,0.451,48.2,LOW,0
2026-01-05 14:15:00,NODE-05,0.326,0.984,0.035,0.99,94.73,-11.978,-1.576,8.4,SAFE,0
2026-01-05 14:30:00,NODE-02,1.623,8.509,0.286,2.236,94.41,7.525,1.296,40.6,LOW,1
2026-01-05 14:45:00,NODE-02,5.061,33.837,1.303,10.81,94.77,25.328,3.438,86.5,CRITICAL,0
2026-01-05 15:00:00,NODE-05,0.803,2.98,0.14,1.286,92.28,-30.857,-4.259,8.3,SAFE,0
2026-01-05 15:15:00,NODE-05,1.871,12.994,0.465,3.7,94.16,10.014,1.069,56.6,LOW,0
2026-01-05 15:30:00,NODE-05,1.171,7.83,0.354,2.058,95.43,-5.164,-0.7,21.3,SAFE,0
2026-01-05 15:45:00,NODE-04,1.269,10.626,0.349,2.715,93.92,2.796,0.098,35.3,SAFE,0
2026-01-05 16:00:00,NODE-02,1.635,9.667,0.437,2.112,93.4,-0.959,0.366,33.1,SAFE,0
2026-01-05 16:15:00,NODE-01,0.799,5.366,0.213,1.202,95.57,-4.301,-0.836,10.1,SAFE,0
2026-01-05 16:30:00,NODE-04,0.304,0.957,0.036,0.137,93.92,-4.409,-0.494,6.6,SAFE,0
2026-01-05 16:45:00,NODE-03,1.821,10.791,0.416,4.708,94.64,9.833,1.516,48.7,LOW,0
2026-01-05 17:00:00,NODE-03,0.785,1.775,0.14,1.531,94.17,-9.015,-1.035,12.1,SAFE,0
2026-01-05 17:15:00,NODE-05,0.845,5.549,0.243,1.917,94.41,3.774,0.06,26.3,SAFE,1
2026-01-05 17:30:00,NODE-01,2.88,19.995,0.756,6.723,96.25,14.446,2.035,69.9,WARNING,0
2026-01-05 17:45:00,NODE-03,1.157,7.159,0.32,2.425,95.09,-12.837,-1.722,22.7,SAFE,0
2026-01-05 18:00:00,NODE-01,1.151,10.708,0.255,2.637,92.94,3.549,-0.006,37.9,SAFE,0
2026-01-05 18:15:00,NODE-03,0.83,5.476,0.284,1.236,93.95,-5.232,-0.321,9.8,SAFE,0
2026-01-05 18:30:00,NODE-01,1.885,15.586,0.539,4.749,93.9,10.111,1.055,54.5,LOW,0
2026-01-05 18:45:00,NODE-01,0.539,0.987,0.065,0.293,94.65,-14.6,-1.346,8.0,SAFE,0
2026-01-05 19:00:00,NODE-01,2.303,13.049,0.56,4.153,95.48,12.063,1.765,56.5,LOW,0
2026-01-05 19:15:00,NODE-04,0.364,1.708,0.035,1.13,94.42,-11.342,-1.939,7.8,SAFE,1
2026-01-05 19:30:00,NODE-04,2.269,17.725,0.551,5.225,94.39,16.017,1.904,64.9,WARNING,0
2026-01-05 19:45:00,NODE-03,1.57,12.951,0.556,3.38,91.7,-4.774,-0.699,36.3,SAFE,0
2026-01-05 20:00:00,NODE-05,0.573,2.398,0.202,1.471,95.96,-10.553,-0.997,11.4,SAFE,0
2026-01-05 20:15:00,NODE-02,1.282,8.502,0.279,2.641,94.17,6.104,0.709,42.0,LOW,0
2026-01-05 20:30:00,NODE-02,1.529,11.225,0.407,3.231,94.68,2.723,0.247,40.9,LOW,0
2026-01-05 20:45:00,NODE-05,0.707,3.752,0.215,1.481,94.67,-7.473,-0.822,13.2,SAFE,0
2026-01-05 21:00:00,NODE-02,0.967,6.697,0.274,2.108,93.44,2.945,0.26,33.3,SAFE,0
2026-01-05 21:15:00,NODE-05,2.043,14.907,0.611,4.025,94.07,8.21,1.076,54.6,LOW,0
2026-01-05 21:30:00,NODE-01,1.363,7.892,0.323,2.994,93.42,-7.015,-0.68,29.0,SAFE,0
2026-01-05 21:45:00,NODE-05,2.222,12.64,0.528,3.998,96.01,4.748,0.858,54.7,LOW,0
2026-01-05 22:00:00,NODE-01,1.311,9.981,0.4,2.904,91.68,-2.659,-0.911,25.1,SAFE,0
2026-01-05 22:15:00,NODE-05,1.179,11.192,0.345,3.234,93.2,1.212,-0.132,32.3,SAFE,0
2026-01-05 22:30:00,NODE-03,1.621,11.34,0.384,3.727,93.95,0.148,0.442,32.7,SAFE,0
2026-01-05 22:45:00,NODE-05,2.135,15.392,0.687,4.63,96.13,4.052,0.513,58.7,LOW,0
2026-01-05 23:00:00,NODE-01,0.44,4.263,0.243,1.31,95.18,-11.129,-1.695,11.5,SAFE,1
2026-01-05 23:15:00,NODE-03,4.57,31.046,1.262,10.383,92.36,26.783,4.13,87.8,CRITICAL,0
2026-01-05 23:30:00,NODE-05,2.6,17.121,0.676,5.576,94.19,-13.926,-1.97,46.4,LOW,0
2026-01-05 23:45:00,NODE-03,1.57,12.582,0.452,3.987,95.19,-4.539,-1.03,33.1,SAFE,0
2026-01-06 00:00:00,NODE-04,1.477,9.249,0.371,2.899,96.99,-3.333,-0.093,27.1,SAFE,0
2026-01-06 00:15:00,NODE-04,2.123,14.622,0.647,4.643,93.91,5.373,0.646,57.2,LOW,1
2026-01-06 00:30:00,NODE-03,2.715,20.431,0.726,6.003,92.89,5.809,0.592,67.1,WARNING,0
2026-01-06 00:45:00,NODE-04,1.363,9.998,0.312,2.522,94.7,-10.432,-1.352,26.2,SAFE,0
2026-01-06 01:00:00,NODE-03,1.328,11.791,0.439,3.282,94.25,1.793,-0.035,34.8,SAFE,0
2026-01-06 01:15:00,NODE-05,1.695,10.25,0.419,3.164,94.86,-1.542,0.367,35.7,SAFE,0
2026-01-06 01:30:00,NODE-01,0.163,2.206,0.17,0.77,95.13,-8.044,-1.532,9.6,SAFE,0
2026-01-06 01:45:00,NODE-02,1.479,12.404,0.534,3.978,94.68,10.198,1.315,49.8,LOW,0
2026-01-06 02:00:00,NODE-05,0.178,3.984,0.121,0.867,94.93,-8.419,-1.301,12.3,SAFE,0
2026-01-06 02:15:00,NODE-05,1.536,10.916,0.417,3.393,96.25,6.931,1.358,46.0,LOW,0
2026-01-06 02:30:00,NODE-03,0.395,5.202,0.133,0.845,93.94,-5.714,-1.14,7.4,SAFE,0
2026-01-06 02:45:00,NODE-04,0.662,3.762,0.274,1.436,92.81,-1.44,0.267,18.5,SAFE,0
2026-01-06 03:00:00,NODE-02,0.762,7.673,0.252,2.636,94.65,3.911,0.1,35.5,SAFE,0
2026-01-06 03:15:00,NODE-01,0.634,3.936,0.242,1.972,92.74,-3.737,-0.128,17.1,SAFE,0
2026-01-06 03:30:00,NODE-03,2.001,10.119,0.392,3.509,92.93,6.183,1.367,45.7,LOW,0
2026-01-06 03:45:00,NODE-02,1.028,5.104,0.284,2.035,93.28,-5.014,-0.974,15.1,SAFE,0
2026-01-06 04:00:00,NODE-03,0.614,3.896,0.174,0.408,92.76,-1.208,-0.414,8.9,SAFE,0
2026-01-06 04:15:00,NODE-01,0.806,4.18,0.174,1.265,95.66,0.284,0.192,21.6,SAFE,1
2026-01-06 04:30:00,NODE-05,5.02,33.76,1.345,10.897,94.32,29.58,4.214,87.1,CRITICAL,0
2026-01-06 04:45:00,NODE-05,1.224,10.367,0.392,3.054,95.1,-23.393,-3.796,30.3,SAFE,0
2026-01-06 05:00:00,NODE-04,1.211,8.678,0.291,2.625,94.86,-1.69,-0.013,23.9,SAFE,0
2026-01-06 05:15:00,NODE-03,1.798,12.42,0.515,3.918,93.99,3.742,0.587,53.0,LOW,0
2026-01-06 05:30:00,NODE-02,1.833,12.746,0.507,4.043,95.4,0.327,0.036,35.4,SAFE,0
2026-01-06 05:45:00,NODE-05,1.267,11.468,0.51,3.276,93.66,-1.278,-0.567,30.9,SAFE,0
2026-01-06 06:00:00,NODE-04,1.114,4.854,0.349,2.011,94.03,-6.614,-0.153,16.8,SAFE,0
2026-01-06 06:15:00,NODE-01,1.0,7.606,0.304,2.255,93.38,2.752,-0.114,28.5,SAFE,1
2026-01-06 06:30:00,NODE-05,2.666,19.541,0.799,5.677,95.91,11.935,1.667,72.2,WARNING,0
2026-01-06 06:45:00,NODE-05,1.131,5.266,0.271,2.36,94.1,-14.276,-1.535,16.7,SAFE,0
2026-01-06 07:00:00,NODE-05,1.077,9.415,0.427,2.328,94.94,4.149,-0.055,35.9,SAFE,0
2026-01-06 07:15:00,NODE-04,0.828,2.6,0.264,1.838,93.52,-6.815,-0.249,14.2,SAFE,0
2026-01-06 07:30:00,NODE-03,0.735,3.601,0.22,1.667,95.23,1.001,-0.093,14.7,SAFE,0
2026-01-06 07:45:00,NODE-02,0.68,2.508,0.155,0.157,95.14,-1.093,-0.055,6.0,SAFE,0
2026-01-06 08:00:00,NODE-05,1.215,6.336,0.384,2.578,92.26,3.828,0.535,37.5,SAFE,0
2026-01-06 08:15:00,NODE-05,0.996,8.254,0.303,1.582,94.21,1.918,-0.219,26.7,SAFE,0
2026-01-06 08:30:00,NODE-01,0.974,7.384,0.192,2.227,94.34,-0.87,-0.022,19.7,SAFE,0
2026-01-06 08:45:00,NODE-01,2.169,16.209,0.665,4.458,93.84,8.826,1.195,59.5,LOW,0
2026-01-06 09:00:00,NODE-02,0.598,2.317,0.216,0.482,95.86,-13.892,-1.571,8.1,SAFE,0
2026-01-06 09:15:00,NODE-05,0.747,5.007,0.214,2.136,92.73,2.69,0.149,26.3,SAFE,0
2026-01-06 09:30:00,NODE-05,1.318,10.068,0.292,3.069,93.65,5.061,0.571,44.9,LOW,0
2026-01-06 09:45:00,NODE-01,1.051,7.971,0.382,2.232,93.16,-2.097,-0.267,24.2,SAFE,1
2026-01-06 10:00:00,NODE-03,2.35,16.984,0.642,5.144,95.42,9.013,1.298,62.8,WARNING,0
2026-01-06 10:15:00,NODE-02,0.647,0.894,0.173,0.449,92.94,-16.09,-1.703,4.3,SAFE,0
2026-01-06 10:30:00,NODE-05,2.318,13.942,0.606,4.043,91.97,13.048,1.671,55.7,LOW,0
2026-01-06 10:45:00,NODE-05,0.386,3.175,0.233,1.341,94.69,-10.767,-1.932,8.8,SAFE,0
2026-01-06 11:00:00,NODE-05,0.988,6.342,0.314,1.537,94.0,3.167,0.602,30.7,SAFE,0
2026-01-06 11:15:00,NODE-03,0.201,1.294,0.115,1.21,95.41,-5.048,-0.787,1.9,SAFE,0
2026-01-06 11:30:00,NODE-02,0.193,1.515,0.064,0.575,95.13,0.221,-0.008,5.3,SAFE,0
2026-01-06 11:45:00,NODE-02,1.934,12.886,0.57,4.528,94.1,11.371,1.741,59.9,LOW,0
2026-01-06 12:00:00,NODE-01,0.781,4.409,0.349,1.338,92.42,-8.477,-1.153,15.9,SAFE,0
2026-01-06 12:15:00,NODE-05,1.552,8.945,0.415,3.536,92.71,4.536,0.771,46.6,LOW,0
2026-01-06 12:30:00,NODE-05,0.861,6.765,0.26,1.267,92.02,-2.18,-0.691,19.3,SAFE,1
2026-01-06 12:45:00,NODE-05,2.524,15.952,0.669,5.504,93.98,9.187,1.663,63.4,WARNING,0
2026-01-06 13:00:00,NODE-05,0.751,4.51,0.219,1.695,93.35,-11.442,-1.773,14.2,SAFE,0
2026-01-06 13:15:00,NODE-03,0.909,5.045,0.328,2.501,93.92,0.535,0.159,18.8,SAFE,0
2026-01-06 13:30:00,NODE-04,0.739,3.226,0.223,1.409,94.34,-1.819,-0.171,13.2,SAFE,0
2026-01-06 13:45:00,NODE-05,0.381,3.759,0.248,1.045,96.41,0.534,-0.357,13.0,SAFE,0
2026-01-06 14:00:00,NODE-05,1.639,12.266,0.381,3.504,94.82,8.507,1.258,45.8,LOW,0
2026-01-06 14:15:00,NODE-02,1.152,8.627,0.457,2.526,94.21,-3.639,-0.487,28.5,SAFE,0
2026-01-06 14:30:00,NODE-03,0.261,2.672,0.078,0.937,92.24,-5.955,-0.89,5.2,SAFE,1
2026-01-06 14:45:00,NODE-01,2.445,18.319,0.643,4.852,94.14,15.647,2.184,71.3,WARNING,0
2026-01-06 15:00:00,NODE-05,0.52,6.313,0.238,1.545,95.17,-12.006,-1.925,16.4,SAFE,0
2026-01-06 15:15:00,NODE-03,0.303,2.617,0.107,0.984,94.58,-3.695,-0.217,7.7,SAFE,0
2026-01-06 15:30:00,NODE-02,0.183,2.422,0.188,0.0,92.85,-0.195,-0.12,10.3,SAFE,0
2026-01-06 15:45:00,NODE-04,0.584,0.749,0.164,0.869,93.65,-1.672,0.402,4.7,SAFE,0
2026-01-06 16:00:00,NODE-03,1.41,10.552,0.426,2.847,94.18,9.803,0.826,43.4,LOW,0
2026-01-06 16:15:00,NODE-02,1.245,11.326,0.392,4.361,93.6,0.773,-0.165,34.0,SAFE,0
2026-01-06 16:30:00,NODE-01,1.273,7.887,0.25,1.931,93.35,-3.438,0.028,21.2,SAFE,1
2026-01-06 16:45:00,NODE-04,3.196,23.716,0.878,7.768,91.51,15.829,1.922,83.6,CRITICAL,0
2026-01-06 17:00:00,NODE-03,0.863,6.127,0.282,1.183,93.16,-17.589,-2.333,15.8,SAFE,0
2026-01-06 17:15:00,NODE-04,1.138,5.576,0.311,2.068,94.38,-0.55,0.276,25.1,SAFE,0
2026-01-06 17:30:00,NODE-03,0.376,2.885,0.155,1.255,95.13,-2.692,-0.762,10.7,SAFE,0
2026-01-06 17:45:00,NODE-05,1.111,4.528,0.26,2.881,94.16,1.643,0.735,31.5,SAFE,0
2026-01-06 18:00:00,NODE-03,1.659,14.1,0.504,3.608,95.34,9.573,0.548,51.7,LOW,1
2026-01-06 18:15:00,NODE-03,2.528,18.392,0.654,4.65,93.97,4.292,0.87,61.0,WARNING,0
2026-01-06 18:30:00,NODE-05,1.103,9.464,0.41,2.822,93.01,-8.929,-1.425,26.9,SAFE,0
2026-01-06 18:45:00,NODE-02,0.554,2.179,0.244,0.302,93.49,-7.285,-0.549,8.9,SAFE,0
2026-01-06 19:00:00,NODE-01,0.44,2.6,0.183,0.517,94.65,0.421,-0.114,6.7,SAFE,0
2026-01-06 19:15:00,NODE-01,0.044,1.046,0.239,0.863,93.73,-1.553,-0.396,8.5,SAFE,0
2026-01-06 19:30:00,NODE-04,0.728,3.937,0.187,1.286,93.28,2.891,0.684,22.1,SAFE,0
2026-01-06 19:45:00,NODE-04,1.11,4.69,0.237,1.213,92.17,0.753,0.383,27.1,SAFE,0
2026-01-06 20:00:00,NODE-04,0.296,3.889,0.125,1.329,92.97,-0.801,-0.815,9.9,SAFE,0
2026-01-06 20:15:00,NODE-01,1.496,10.048,0.43,3.839,93.56,6.158,1.2,44.4,LOW,0
2026-01-06 20:30:00,NODE-01,0.455,6.184,0.156,0.423,93.34,-3.863,-1.041,12.7,SAFE,0
2026-01-06 20:45:00,NODE-01,1.129,8.32,0.32,3.006,92.86,2.136,0.674,38.2,SAFE,0
2026-01-06 21:00:00,NODE-02,1.539,11.587,0.336,3.473,95.89,3.267,0.41,49.3,LOW,0
2026-01-06 21:15:00,NODE-03,0.788,6.475,0.349,1.47,94.74,-5.112,-0.751,22.3,SAFE,0
2026-01-06 21:30:00,NODE-02,1.795,13.915,0.477,3.473,96.65,7.44,1.008,48.1,LOW,0
2026-01-06 21:45:00,NODE-03,1.219,8.618,0.44,2.47,92.09,-5.297,-0.577,24.9,SAFE,0
2026-01-06 22:00:00,NODE-05,0.698,5.538,0.224,1.336,94.39,-3.08,-0.52,12.4,SAFE,0
2026-01-06 22:15:00,NODE-02,0.992,5.713,0.288,1.744,93.49,0.174,0.294,22.5,SAFE,0
2026-01-06 22:30:00,NODE-03,0.842,3.61,0.221,2.15,94.03,-2.103,-0.15,19.0,SAFE,0
2026-01-06 22:45:00,NODE-04,1.336,9.601,0.455,3.171,96.22,5.992,0.495,39.2,SAFE,0
2026-01-06 23:00:00,NODE-02,1.306,10.285,0.322,2.42,91.91,0.684,-0.03,28.2,SAFE,0
2026-01-06 23:15:00,NODE-04,1.368,9.35,0.389,2.205,93.31,-0.935,0.061,24.5,SAFE,0
2026-01-06 23:30:00,NODE-05,0.446,0.265,0.116,1.047,93.09,-9.085,-0.921,8.4,SAFE,1
2026-01-06 23:45:00,NODE-05,5.01,32.779,1.286,10.563,93.3,32.513,4.564,91.0,CRITICAL,0
2026-01-07 00:00:00,NODE-01,0.626,1.833,0.096,1.325,91.45,-30.946,-4.384,12.1,SAFE,0
2026-01-07 00:15:00,NODE-05,0.186,2.018,0.055,0.391,95.52,0.185,-0.44,4.1,SAFE,0
2026-01-07 00:30:00,NODE-03,0.46,3.778,0.178,0.866,95.57,1.76,0.274,17.7,SAFE,0
2026-01-07 00:45:00,NODE-02,0.359,1.327,0.138,1.323,94.67,-2.451,-0.101,8.9,SAFE,0
2026-01-07 01:00:00,NODE-03,1.085,8.677,0.294,1.519,92.36,7.35,0.725,35.2,SAFE,0
2026-01-07 01:15:00,NODE-05,1.51,10.178,0.435,2.917,94.3,1.501,0.426,38.3,SAFE,0
2026-01-07 01:30:00,NODE-03,0.75,6.616,0.338,1.189,95.0,-3.563,-0.761,20.2,SAFE,0
2026-01-07 01:45:00,NODE-02,1.04,6.837,0.294,1.928,94.43,0.222,0.29,28.0,SAFE,0
2026-01-07 02:00:00,NODE-04,0.97,5.578,0.265,2.092,93.9,-1.26,-0.07,17.1,SAFE,0
2026-01-07 02:15:00,NODE-02,0.995,6.076,0.262,2.275,95.65,0.498,0.025,26.6,SAFE,0
2026-01-07 02:30:00,NODE-01,1.074,6.456,0.389,2.286,93.1,0.38,0.079,22.2,SAFE,0
2026-01-07 02:45:00,NODE-01,1.909,11.46,0.414,3.964,93.74,5.004,0.835,52.1,LOW,0
2026-01-07 03:00:00,NODE-01,0.855,5.603,0.296,1.935,94.69,-5.857,-1.054,16.6,SAFE,0
2026-01-07 03:15:00,NODE-01,1.903,12.165,0.456,4.79,94.32,6.563,1.049,50.6,LOW,0
2026-01-07 03:30:00,NODE-01,0.93,6.716,0.364,1.728,94.61,-5.449,-0.974,22.6,SAFE,0
2026-01-07 03:45:00,NODE-04,0.913,8.441,0.244,1.564,94.57,1.725,-0.017,25.0,SAFE,1
2026-01-07 04:00:00,NODE-01,3.267,22.117,0.814,6.582,94.56,13.675,2.354,81.3,CRITICAL,0
2026-01-07 04:15:00,NODE-02,1.637,9.57,0.412,3.869,93.49,-12.546,-1.63,33.4,SAFE,0
2026-01-07 04:30:00,NODE-05,0.0,0.369,0.018,0.0,93.08,-9.202,-1.637,1.6,SAFE,0
2026-01-07 04:45:00,NODE-03,1.289,8.633,0.41,2.807,94.08,8.264,1.289,42.7,LOW,0
2026-01-07 05:00:00,NODE-04,0.348,5.202,0.112,0.527,95.73,-3.431,-0.941,12.1,SAFE,1
2026-01-07 05:15:00,NODE-01,4.424,31.463,1.22,10.255,93.88,26.261,4.076,92.3,CRITICAL,0
2026-01-07 05:30:00,NODE-01,2.685,18.1,0.615,4.863,94.63,-13.364,-1.74,48.7,LOW,1
2026-01-07 05:45:00,NODE-01,4.368,31.062,1.109,9.053,94.04,12.962,1.684,91.1,CRITICAL,0
2026-01-07 06:00:00,NODE-01,2.426,15.502,0.54,4.78,96.34,-15.559,-1.942,48.6,LOW,0
2026-01-07 06:15:00,NODE-02,1.23,8.175,0.317,2.647,93.73,-7.327,-1.196,24.2,SAFE,0
2026-01-07 06:30:00,NODE-01,0.72,4.374,0.333,1.442,94.62,-3.801,-0.509,14.0,SAFE,0
2026-01-07 06:45:00,NODE-01,0.561,4.875,0.218,1.378,93.03,0.501,-0.159,13.6,SAFE,1
2026-01-07 07:00:00,NODE-01,2.102,16.483,0.542,4.576,92.54,11.608,1.541,61.0,WARNING,0
2026-01-07 07:15:00,NODE-03,1.336,7.821,0.357,2.708,93.87,-8.662,-0.766,24.3,SAFE,0
2026-01-07 07:30:00,NODE-01,2.06,12.12,0.42,3.323,95.3,4.299,0.724,50.6,LOW,0
2026-01-07 07:45:00,NODE-02,2.09,10.642,0.566,2.878,94.64,-1.479,0.03,33.5,SAFE,0
2026-01-07 08:00:00,NODE-03,0.647,3.609,0.186,1.378,91.37,-7.033,-1.443,15.1,SAFE,0
2026-01-07 08:15:00,NODE-04,1.051,6.511,0.325,2.308,94.75,2.902,0.404,33.9,SAFE,1
2026-01-07 08:30:00,NODE-01,2.138,16.866,0.589,4.766,92.03,10.355,1.087,64.0,WARNING,0
2026-01-07 08:45:00,NODE-04,1.033,7.36,0.347,2.449,94.87,-9.506,-1.104,25.8,SAFE,0
2026-01-07 09:00:00,NODE-04,0.949,4.223,0.222,1.643,94.51,-3.137,-0.084,15.0,SAFE,0
2026-01-07 09:15:00,NODE-01,0.802,6.013,0.161,1.117,93.67,1.79,-0.147,23.6,SAFE,0
2026-01-07 09:30:00,NODE-05,1.369,12.964,0.313,3.274,94.72,6.951,0.566,44.3,LOW,0
2026-01-07 09:45:00,NODE-05,0.87,5.526,0.116,1.909,93.53,-7.438,-0.498,16.3,SAFE,0
2026-01-07 10:00:00,NODE-01,0.452,3.57,0.229,2.144,94.02,-1.957,-0.419,11.8,SAFE,0
2026-01-07 10:15:00,NODE-02,1.22,8.855,0.521,3.393,92.11,5.285,0.768,45.6,LOW,0
2026-01-07 10:30:00,NODE-04,0.317,3.659,0.03,0.268,93.53,-5.195,-0.903,6.9,SAFE,0
2026-01-07 10:45:00,NODE-04,1.197,7.434,0.416,1.465,94.94,3.775,0.881,37.8,SAFE,1
2026-01-07 11:00:00,NODE-01,4.264,31.161,1.116,8.277,92.23,23.727,3.067,86.6,CRITICAL,0
2026-01-07 11:15:00,NODE-01,1.492,5.966,0.238,2.499,94.81,-25.194,-2.773,16.8,SAFE,0
2026-01-07 11:30:00,NODE-02,1.031,6.404,0.221,2.191,91.4,0.438,-0.461,17.8,SAFE,0
2026-01-07 11:45:00,NODE-03,1.35,10.372,0.313,2.581,92.39,3.967,0.319,40.2,LOW,0
2026-01-07 12:00:00,NODE-03,1.509,7.78,0.374,3.124,93.44,-2.592,0.159,29.7,SAFE,0
2026-01-07 12:15:00,NODE-02,0.899,7.499,0.272,1.863,94.0,-0.28,-0.61,22.3,SAFE,0
2026-01-07 12:30:00,NODE-03,0.32,1.062,0.098,0.163,93.12,-6.437,-0.579,3.1,SAFE,0
2026-01-07 12:45:00,NODE-04,1.504,9.551,0.355,3.345,93.09,8.489,1.184,44.5,LOW,0
2026-01-07 13:00:00,NODE-01,0.219,0.81,0.149,1.048,95.13,-8.742,-1.285,4.5,SAFE,0
2026-01-07 13:15:00,NODE-02,1.618,10.706,0.465,3.19,95.22,9.896,1.399,50.0,LOW,0
2026-01-07 13:30:00,NODE-04,0.636,3.787,0.094,0.533,93.29,-6.919,-0.982,7.3,SAFE,0
2026-01-07 13:45:00,NODE-05,0.681,3.28,0.119,1.09,93.32,-0.507,0.046,13.8,SAFE,0
2026-01-07 14:00:00,NODE-03,0.937,6.196,0.364,2.964,93.44,2.916,0.256,33.1,SAFE,0
2026-01-07 14:15:00,NODE-03,1.274,7.155,0.235,1.642,96.45,0.959,0.337,29.4,SAFE,0
2026-01-07 14:30:00,NODE-01,0.89,3.952,0.261,1.085,93.8,-3.202,-0.384,14.3,SAFE,1
2026-01-07 14:45:00,NODE-03,2.817,20.914,0.695,6.036,95.66,16.962,1.926,72.4,WARNING,0
2026-01-07 15:00:00,NODE-03,1.437,8.212,0.458,3.026,94.65,-12.703,-1.38,25.9,SAFE,1
2026-01-07 15:15:00,NODE-02,2.818,18.857,0.764,5.757,93.64,10.645,1.381,75.5,WARNING,0
2026-01-07 15:30:00,NODE-02,1.751,13.529,0.531,3.597,92.99,-5.328,-1.067,39.2,SAFE,0
2026-01-07 15:45:00,NODE-02,1.518,9.127,0.374,2.579,94.7,-4.401,-0.233,28.2,SAFE,0
2026-01-07 16:00:00,NODE-01,1.051,7.149,0.268,2.264,92.82,-1.978,-0.468,21.3,SAFE,0
2026-01-07 16:15:00,NODE-02,0.887,5.866,0.267,1.253,93.29,-1.283,-0.164,14.5,SAFE,0
2026-01-07 16:30:00,NODE-01,1.622,7.119,0.392,2.922,94.54,1.253,0.735,37.3,SAFE,0
2026-01-07 16:45:00,NODE-02,1.107,8.584,0.314,2.164,93.46,1.465,-0.515,27.5,SAFE,0
2026-01-07 17:00:00,NODE-01,1.351,10.836,0.391,3.361,93.27,2.253,0.243,39.4,SAFE,0
2026-01-07 17:15:00,NODE-05,0.577,5.212,0.265,1.162,93.37,-5.625,-0.773,16.1,SAFE,0
2026-01-07 17:30:00,NODE-03,0.525,3.079,0.263,1.243,92.91,-2.133,-0.052,12.4,SAFE,0
2026-01-07 17:45:00,NODE-04,0.346,0.826,0.14,1.169,94.27,-2.253,-0.179,7.0,SAFE,0
2026-01-07 18:00:00,NODE-04,0.512,2.569,0.133,1.255,93.78,1.743,0.166,20.2,SAFE,0
2026-01-07 18:15:00,NODE-03,0.613,4.458,0.195,1.556,92.1,1.889,0.102,18.4,SAFE,0
2026-01-07 18:30:00,NODE-01,0.88,7.475,0.332,2.018,93.14,3.017,0.266,28.2,SAFE,0
2026-01-07 18:45:00,NODE-03,0.635,2.999,0.207,1.298,93.28,-4.476,-0.245,9.6,SAFE,0
2026-01-07 19:00:00,NODE-03,1.035,4.323,0.239,1.964,93.27,1.324,0.4,24.4,SAFE,0
2026-01-07 19:15:00,NODE-04,1.911,12.873,0.428,3.946,94.43,8.55,0.876,53.2,LOW,0
2026-01-07 19:30:00,NODE-03,1.399,8.974,0.362,2.219,92.87,-3.899,-0.512,23.3,SAFE,0
2026-01-07 19:45:00,NODE-01,0.539,3.868,0.254,1.406,96.95,-5.106,-0.86,22.1,SAFE,0
2026-01-07 20:00:00,NODE-02,0.21,0.844,0.084,1.058,95.37,-3.023,-0.33,5.9,SAFE,0
2026-01-07 20:15:00,NODE-02,1.291,6.977,0.281,1.942,95.36,6.133,1.081,36.4,SAFE,0
2026-01-07 20:30:00,NODE-04,0.575,2.173,0.125,1.397,92.46,-4.804,-0.716,6.5,SAFE,0
2026-01-07 20:45:00,NODE-03,0.794,2.282,0.114,1.248,91.26,0.108,0.22,8.7,SAFE,0
2026-01-07 21:00:00,NODE-02,1.049,6.943,0.346,1.915,93.28,4.661,0.255,28.0,SAFE,0
2026-01-07 21:15:00,NODE-05,1.524,11.034,0.371,2.642,94.04,4.091,0.475,45.8,LOW,0
2026-01-07 21:30:00,NODE-03,0.842,2.527,0.316,1.573,93.49,-8.507,-0.682,17.1,SAFE,0
2026-01-07 21:45:00,NODE-02,1.612,12.47,0.44,3.421,93.04,9.943,0.77,48.6,LOW,0
2026-01-07 22:00:00,NODE-01,1.049,4.357,0.155,1.811,91.59,-8.112,-0.564,12.4,SAFE,0
2026-01-07 22:15:00,NODE-01,1.445,7.656,0.403,2.839,92.87,3.298,0.396,38.2,SAFE,0
2026-01-07 22:30:00,NODE-02,1.84,12.934,0.526,4.381,93.38,5.279,0.394,54.8,LOW,1
2026-01-07 22:45:00,NODE-01,2.839,17.227,0.632,5.398,93.07,4.292,0.999,64.8,WARNING,0
2026-01-07 23:00:00,NODE-01,2.358,17.5,0.687,5.937,93.06,0.273,-0.48,49.9,LOW,1
2026-01-07 23:15:00,NODE-02,3.452,27.698,0.927,8.47,92.7,10.198,1.094,85.7,CRITICAL,0
2026-01-07 23:30:00,NODE-01,0.641,3.717,0.197,1.23,95.64,-23.981,-2.812,11.3,SAFE,0
2026-01-07 23:45:00,NODE-05,1.213,7.581,0.317,2.34,94.5,3.865,0.572,38.6,SAFE,1
2026-01-08 00:00:00,NODE-01,2.87,18.793,0.659,5.703,94.8,11.211,1.657,63.4,WARNING,0
2026-01-08 00:15:00,NODE-03,0.54,2.517,0.292,0.76,93.97,-16.276,-2.33,10.8,SAFE,0
2026-01-08 00:30:00,NODE-02,1.698,13.096,0.521,3.432,92.04,10.579,1.158,48.8,LOW,0
2026-01-08 00:45:00,NODE-05,1.012,6.579,0.236,2.554,94.52,-6.518,-0.686,19.0,SAFE,0
2026-01-08 01:00:00,NODE-01,0.9,6.986,0.242,1.4,95.25,0.408,-0.112,20.7,SAFE,0
2026-01-08 01:15:00,NODE-02,1.705,12.032,0.538,2.901,95.42,5.045,0.805,45.2,LOW,0
2026-01-08 01:30:00,NODE-05,1.795,11.642,0.547,3.424,94.38,-0.39,0.09,35.9,SAFE,0
2026-01-08 01:45:00,NODE-05,0.542,3.024,0.11,0.679,93.62,-8.618,-1.253,9.7,SAFE,0
2026-01-08 02:00:00,NODE-05,1.746,14.691,0.608,4.08,93.62,11.667,1.203,56.5,LOW,0
2026-01-08 02:15:00,NODE-02,0.288,0.0,0.136,0.0,94.24,-14.691,-1.457,4.7,SAFE,0
2026-01-08 02:30:00,NODE-01,0.897,4.594,0.162,1.972,91.64,4.594,0.609,31.3,SAFE,0
2026-01-08 02:45:00,NODE-04,1.518,9.311,0.321,2.314,94.38,4.717,0.621,42.0,LOW,0
2026-01-08 03:00:00,NODE-05,0.806,5.56,0.246,0.911,93.02,-3.752,-0.712,12.2,SAFE,0
2026-01-08 03:15:00,NODE-03,1.141,5.706,0.225,2.606,96.25,0.146,0.335,26.4,SAFE,0
2026-01-08 03:30:00,NODE-03,0.784,4.761,0.254,1.333,93.24,-0.946,-0.357,11.7,SAFE,0
2026-01-08 03:45:00,NODE-02,0.852,5.192,0.424,2.138,93.83,0.432,0.068,22.3,SAFE,0
2026-01-08 04:00:00,NODE-04,1.691,9.41,0.477,3.135,93.77,4.217,0.838,43.9,LOW,0
2026-01-08 04:15:00,NODE-01,0.863,6.022,0.263,1.878,92.76,-3.388,-0.828,13.5,SAFE,1
2026-01-08 04:30:00,NODE-02,4.784,34.185,1.182,10.244,94.13,28.164,3.922,88.6,CRITICAL,0
2026-01-08 04:45:00,NODE-03,0.915,6.962,0.289,1.991,93.99,-27.223,-3.87,19.2,SAFE,0
2026-01-08 05:00:00,NODE-03,0.766,6.43,0.172,1.472,94.81,-0.532,-0.148,19.1,SAFE,1
2026-01-08 05:15:00,NODE-02,2.929,19.372,0.738,6.547,94.44,12.942,2.163,77.3,WARNING,0
2026-01-08 05:30:00,NODE-01,1.905,12.685,0.373,3.839,93.8,-6.687,-1.024,35.0,SAFE,0
2026-01-08 05:45:00,NODE-03,1.417,8.581,0.414,2.859,92.58,-4.104,-0.487,23.6,SAFE,1
2026-01-08 06:00:00,NODE-02,2.588,17.519,0.652,5.042,92.62,8.939,1.17,61.3,WARNING,0
2026-01-08 06:15:00,NODE-03,2.294,14.156,0.61,4.645,95.55,-3.363,-0.294,45.3,LOW,0
2026-01-08 06:30:00,NODE-01,1.533,10.802,0.415,3.225,93.66,-3.354,-0.761,32.5,SAFE,0
2026-01-08 06:45:00,NODE-03,0.23,3.035,0.062,1.19,96.05,-7.767,-1.304,6.3,SAFE,0
2026-01-08 07:00:00,NODE-03,1.311,11.029,0.403,3.159,92.57,7.994,1.082,41.7,LOW,0
2026-01-08 07:15:00,NODE-01,0.526,1.713,0.123,0.681,96.18,-9.315,-0.785,9.7,SAFE,0
2026-01-08 07:30:00,NODE-02,1.873,13.505,0.624,3.857,92.41,11.792,1.346,51.0,LOW,0
2026-01-08 07:45:00,NODE-01,1.999,13.283,0.508,4.611,93.01,-0.222,0.127,39.7,SAFE,0
2026-01-08 08:00:00,NODE-01,1.31,8.342,0.364,2.743,94.07,-4.941,-0.689,26.7,SAFE,0
2026-01-08 08:15:00,NODE-05,0.663,3.011,0.131,0.972,94.73,-5.331,-0.647,5.0,SAFE,0
2026-01-08 08:30:00,NODE-02,1.739,10.642,0.343,2.893,94.34,7.631,1.076,47.2,LOW,0
2026-01-08 08:45:00,NODE-04,0.393,2.399,0.125,0.429,91.23,-8.243,-1.346,12.7,SAFE,0
2026-01-08 09:00:00,NODE-02,1.322,8.456,0.248,2.622,92.84,6.057,0.929,39.2,SAFE,0
2026-01-08 09:15:00,NODE-04,0.783,5.783,0.223,0.866,92.14,-2.673,-0.539,14.1,SAFE,0
2026-01-08 09:30:00,NODE-04,0.866,4.376,0.271,2.114,91.86,-1.407,0.084,17.5,SAFE,0
2026-01-08 09:45:00,NODE-03,0.586,2.902,0.088,0.382,93.49,-1.474,-0.28,8.1,SAFE,1
2026-01-08 10:00:00,NODE-03,3.134,21.543,0.627,6.129,90.97,18.641,2.548,71.7,WARNING,0
2026-01-08 10:15:00,NODE-02,0.612,2.082,0.23,1.102,94.7,-19.46,-2.522,7.5,SAFE,0
2026-01-08 10:30:00,NODE-02,0.599,3.566,0.215,1.164,94.39,1.484,-0.013,15.8,SAFE,0
2026-01-08 10:45:00,NODE-05,1.363,8.307,0.387,2.438,95.44,4.741,0.764,40.6,LOW,0
2026-01-08 11:00:00,NODE-05,1.16,5.585,0.29,1.666,92.21,-2.723,-0.203,16.0,SAFE,0
2026-01-08 11:15:00,NODE-05,0.518,4.682,0.243,1.438,92.33,-0.902,-0.641,10.2,SAFE,0
2026-01-08 11:30:00,NODE-01,0.002,3.453,0.203,1.023,94.75,-1.229,-0.516,7.4,SAFE,0
2026-01-08 11:45:00,NODE-04,0.736,3.037,0.266,1.132,94.84,-0.416,0.734,14.0,SAFE,0
2026-01-08 12:00:00,NODE-05,0.829,2.607,0.217,1.72,95.1,-0.43,0.093,15.6,SAFE,0
2026-01-08 12:15:00,NODE-01,0.746,3.525,0.138,1.444,94.86,0.918,-0.084,6.6,SAFE,0
2026-01-08 12:30:00,NODE-01,1.163,8.568,0.373,3.065,93.74,5.043,0.417,36.0,SAFE,0
2026-01-08 12:45:00,NODE-04,0.711,3.239,0.245,1.173,92.92,-5.329,-0.452,15.8,SAFE,0
2026-01-08 13:00:00,NODE-03,1.836,16.382,0.538,4.259,94.35,13.143,1.125,56.2,LOW,0
2026-01-08 13:15:00,NODE-05,0.396,3.947,0.105,0.639,92.93,-12.435,-1.44,9.0,SAFE,0
2026-01-08 13:30:00,NODE-01,0.975,8.275,0.358,2.254,93.59,4.328,0.579,36.4,SAFE,0
2026-01-08 13:45:00,NODE-04,0.235,2.967,0.126,1.015,93.0,-5.308,-0.74,6.5,SAFE,0
2026-01-08 14:00:00,NODE-01,0.278,2.961,0.137,0.991,93.77,-0.005,0.043,11.4,SAFE,0
2026-01-08 14:15:00,NODE-01,0.669,6.367,0.36,1.524,94.94,3.406,0.391,28.9,SAFE,0
2026-01-08 14:30:00,NODE-01,2.141,14.324,0.641,4.905,93.03,7.957,1.472,56.8,LOW,0
2026-01-08 14:45:00,NODE-05,0.9,6.673,0.258,1.391,92.84,-7.651,-1.241,18.9,SAFE,0
2026-01-08 15:00:00,NODE-04,2.244,15.394,0.677,4.649,93.31,8.721,1.344,55.4,LOW,0
2026-01-08 15:15:00,NODE-03,1.69,12.667,0.517,3.927,92.02,-2.727,-0.553,35.6,SAFE,0
2026-01-08 15:30:00,NODE-02,0.771,6.922,0.154,1.145,94.23,-5.745,-0.919,13.8,SAFE,0
2026-01-08 15:45:00,NODE-05,1.952,12.832,0.483,3.772,93.57,5.911,1.181,51.1,LOW,0
2026-01-08 16:00:00,NODE-02,0.0,1.387,0.124,0.0,93.38,-11.445,-1.952,1.7,SAFE,0
2026-01-08 16:15:00,NODE-05,0.512,2.415,0.161,0.836,93.81,1.028,0.512,16.8,SAFE,1
2026-01-08 16:30:00,NODE-03,4.176,27.325,1.068,9.076,91.65,24.91,3.663,92.7,CRITICAL,0
2026-01-08 16:45:00,NODE-02,0.606,1.547,0.088,1.174,95.09,-25.778,-3.57,9.4,SAFE,0
2026-01-08 17:00:00,NODE-03,0.5,5.712,0.222,0.906,92.79,4.165,-0.105,22.1,SAFE,0
2026-01-08 17:15:00,NODE-02,1.791,10.77,0.4,2.726,92.96,5.057,1.29,47.0,LOW,0
2026-01-08 17:30:00,NODE-04,0.701,4.869,0.264,1.305,94.44,-5.9,-1.09,16.3,SAFE,0
2026-01-08 17:45:00,NODE-03,0.645,6.723,0.262,2.63,94.13,1.854,-0.056,26.4,SAFE,0
2026-01-08 18:00:00,NODE-02,1.327,10.358,0.518,2.516,95.79,3.636,0.683,46.3,LOW,0
2026-01-08 18:15:00,NODE-05,2.058,13.873,0.53,4.632,92.23,3.515,0.731,50.2,LOW,0
2026-01-08 18:30:00,NODE-02,0.995,6.556,0.251,1.548,92.26,-7.317,-1.063,18.0,SAFE,0
2026-01-08 18:45:00,NODE-03,0.128,1.783,0.119,0.423,91.95,-4.773,-0.867,5.6,SAFE,0
2026-01-08 19:00:00,NODE-05,0.586,3.807,0.279,1.135,93.54,2.025,0.458,18.9,SAFE,0
2026-01-08 19:15:00,NODE-04,1.286,7.321,0.389,2.419,93.05,3.513,0.7,39.4,SAFE,0
2026-01-08 19:30:00,NODE-01,0.602,4.972,0.129,0.424,92.54,-2.349,-0.684,12.6,SAFE,0
2026-01-08 19:45:00,NODE-05,1.361,11.645,0.44,3.458,93.29,6.673,0.759,46.1,LOW,0
2026-01-08 20:00:00,NODE-04,0.349,2.235,0.084,0.575,92.13,-9.411,-1.012,7.9,SAFE,1
2026-01-08 20:15:00,NODE-02,2.464,18.219,0.626,5.363,95.22,15.984,2.115,67.8,WARNING,0
2026-01-08 20:30:00,NODE-01,0.486,3.11,0.039,0.811,92.52,-15.108,-1.979,11.1,SAFE,0
2026-01-08 20:45:00,NODE-04,1.926,14.68,0.521,4.105,92.67,11.569,1.441,57.8,LOW,0
2026-01-08 21:00:00,NODE-04,2.46,15.43,0.547,4.939,90.49,0.751,0.534,55.1,LOW,0
2026-01-08 21:15:00,NODE-03,1.961,10.736,0.456,2.911,91.38,-4.694,-0.499,31.1,SAFE,0
2026-01-08 21:30:00,NODE-05,0.8,4.573,0.129,0.826,92.64,-6.163,-1.161,10.8,SAFE,0
2026-01-08 21:45:00,NODE-04,1.213,8.479,0.207,1.763,92.98,3.905,0.413,27.6,SAFE,0
2026-01-08 22:00:00,NODE-01,1.887,14.457,0.583,4.652,94.2,5.978,0.673,53.7,LOW,0
2026-01-08 22:15:00,NODE-02,0.105,0.5,0.132,0.089,91.54,-13.957,-1.781,5.8,SAFE,0
2026-01-08 22:30:00,NODE-02,1.719,12.238,0.436,3.28,93.88,11.738,1.614,46.9,LOW,0
2026-01-08 22:45:00,NODE-04,1.413,8.133,0.39,2.634,94.08,-4.105,-0.306,26.8,SAFE,0
2026-01-08 23:00:00,NODE-01,0.133,0.528,0.0,0.365,94.14,-7.605,-1.281,2.6,SAFE,0
2026-01-08 23:15:00,NODE-03,1.758,10.352,0.494,3.405,94.57,9.824,1.625,50.8,LOW,0
2026-01-08 23:30:00,NODE-04,1.189,11.145,0.378,3.316,91.92,0.793,-0.569,26.9,SAFE,0
2026-01-08 23:45:00,NODE-05,0.439,1.321,0.064,0.675,93.96,-9.823,-0.75,6.6,SAFE,0
2026-01-09 00:00:00,NODE-02,1.194,6.765,0.322,1.732,95.43,5.444,0.754,36.2,SAFE,0
2026-01-09 00:15:00,NODE-05,0.8,8.065,0.26,1.571,94.99,1.3,-0.393,20.9,SAFE,0
2026-01-09 00:30:00,NODE-01,0.41,5.188,0.238,1.791,95.58,-2.877,-0.39,16.8,SAFE,0
2026-01-09 00:45:00,NODE-05,0.577,4.298,0.178,0.581,93.59,-0.89,0.167,8.2,SAFE,0
2026-01-09 01:00:00,NODE-01,0.424,2.556,0.284,0.0,92.59,-1.742,-0.153,10.5,SAFE,0
2026-01-09 01:15:00,NODE-02,1.277,8.36,0.381,2.032,90.26,5.804,0.852,33.4,SAFE,0
2026-01-09 01:30:00,NODE-04,0.197,1.226,0.012,0.487,91.8,-7.134,-1.08,1.2,SAFE,0
2026-01-09 01:45:00,NODE-01,0.847,4.736,0.371,2.049,92.66,3.509,0.65,32.4,SAFE,0
2026-01-09 02:00:00,NODE-02,0.667,4.071,0.26,1.79,92.87,-0.664,-0.18,15.2,SAFE,0
2026-01-09 02:15:00,NODE-04,0.984,7.912,0.242,1.447,92.33,3.841,0.317,26.4,SAFE,0
2026-01-09 02:30:00,NODE-04,1.341,9.388,0.321,2.305,93.68,1.476,0.357,35.1,SAFE,0
2026-01-09 02:45:00,NODE-04,0.708,3.613,0.109,0.959,93.51,-5.776,-0.633,12.4,SAFE,0
2026-01-09 03:00:00,NODE-04,0.936,8.503,0.366,2.057,93.32,4.89,0.228,38.6,SAFE,0
2026-01-09 03:15:00,NODE-03,1.258,5.6,0.213,2.233,94.21,-2.903,0.323,23.5,SAFE,0
2026-01-09 03:30:00,NODE-02,0.327,4.134,0.141,2.368,92.7,-1.466,-0.932,11.4,SAFE,0
2026-01-09 03:45:00,NODE-02,0.978,5.69,0.318,1.647,94.57,1.556,0.652,25.2,SAFE,0
2026-01-09 04:00:00,NODE-01,0.953,6.977,0.372,2.174,91.81,1.287,-0.025,24.4,SAFE,0
2026-01-09 04:15:00,NODE-05,1.881,13.535,0.471,3.925,92.89,6.558,0.928,57.9,LOW,0
2026-01-09 04:30:00,NODE-03,1.652,10.042,0.451,3.249,93.63,-3.494,-0.229,31.1,SAFE,0
2026-01-09 04:45:00,NODE-02,1.207,9.057,0.376,3.111,90.94,-0.985,-0.446,27.0,SAFE,0
2026-01-09 05:00:00,NODE-03,1.332,9.831,0.403,2.505,92.64,0.775,0.125,33.9,SAFE,0
2026-01-09 05:15:00,NODE-05,0.166,1.441,0.084,0.469,94.09,-8.39,-1.166,1.5,SAFE,0
2026-01-09 05:30:00,NODE-01,0.666,3.306,0.142,1.258,92.72,1.864,0.5,22.3,SAFE,0
2026-01-09 05:45:00,NODE-03,0.635,4.53,0.119,1.284,91.04,1.225,-0.031,17.4,SAFE,0
2026-01-09 06:00:00,NODE-03,1.122,8.329,0.212,2.14,92.16,3.799,0.487,37.1,SAFE,0
2026-01-09 06:15:00,NODE-03,0.301,0.917,0.112,0.339,91.61,-7.412,-0.821,6.6,SAFE,0
2026-01-09 06:30:00,NODE-01,1.131,4.24,0.198,1.724,93.82,3.322,0.829,30.9,SAFE,0
2026-01-09 06:45:00,NODE-05,1.825,9.927,0.348,3.505,93.36,5.687,0.695,42.6,LOW,0
2026-01-09 07:00:00,NODE-05,1.635,9.237,0.349,3.536,91.34,-0.689,-0.19,28.2,SAFE,0
2026-01-09 07:15:00,NODE-03,0.191,1.459,0.0,0.159,91.24,-7.778,-1.445,4.8,SAFE,0
2026-01-09 07:30:00,NODE-04,0.938,4.287,0.174,2.207,92.34,2.828,0.747,35.2,SAFE,0
2026-01-09 07:45:00,NODE-05,0.985,6.696,0.255,1.66,93.24,2.409,0.047,23.6,SAFE,0
2026-01-09 08:00:00,NODE-04,1.391,9.764,0.189,2.325,92.39,3.067,0.406,33.8,SAFE,0
2026-01-09 08:15:00,NODE-01,0.61,1.168,0.25,1.424,93.62,-8.595,-0.782,6.5,SAFE,0
2026-01-09 08:30:00,NODE-03,1.358,9.669,0.366,2.469,93.57,8.501,0.748,39.4,SAFE,0
2026-01-09 08:45:00,NODE-03,0.67,4.133,0.155,0.297,93.83,-5.536,-0.688,12.1,SAFE,0
2026-01-09 09:00:00,NODE-03,0.079,1.077,0.116,0.707,91.49,-3.056,-0.592,7.9,SAFE,0
2026-01-09 09:15:00,NODE-04,1.481,8.255,0.374,3.317,92.85,7.177,1.402,37.5,SAFE,0
2026-01-09 09:30:00,NODE-05,1.334,7.966,0.38,2.956,94.47,-0.289,-0.147,22.9,SAFE,0
2026-01-09 09:45:00,NODE-05,1.488,9.077,0.414,3.389,92.37,1.111,0.154,30.5,SAFE,0
2026-01-09 10:00:00,NODE-03,0.738,7.456,0.34,1.749,92.2,-1.621,-0.751,17.1,SAFE,0
2026-01-09 10:15:00,NODE-01,0.113,2.026,0.242,0.608,92.58,-5.43,-0.625,6.4,SAFE,1
2026-01-09 10:30:00,NODE-05,4.046,30.148,1.136,9.303,92.55,28.122,3.934,89.0,CRITICAL,0
2026-01-09 10:45:00,NODE-05,0.744,5.697,0.213,1.43,93.31,-24.451,-3.303,16.5,SAFE,0
2026-01-09 11:00:00,NODE-01,0.915,5.535,0.294,1.302,92.46,-0.162,0.171,12.8,SAFE,0
2026-01-09 11:15:00,NODE-05,1.075,4.698,0.316,2.186,90.73,-0.836,0.16,18.6,SAFE,0
2026-01-09 11:30:00,NODE-05,0.488,1.116,0.108,0.912,94.57,-3.583,-0.588,10.3,SAFE,0
2026-01-09 11:45:00,NODE-03,0.116,3.595,0.079,0.952,93.76,2.479,-0.371,19.2,SAFE,0
2026-01-09 12:00:00,NODE-03,0.298,2.792,0.141,0.317,93.32,-0.803,0.182,12.1,SAFE,0
2026-01-09 12:15:00,NODE-02,1.041,7.956,0.256,2.307,93.03,5.164,0.742,37.5,SAFE,0
2026-01-09 12:30:00,NODE-01,1.635,13.155,0.351,2.993,92.75,5.199,0.594,44.8,LOW,0
2026-01-09 12:45:00,NODE-02,0.428,2.746,0.191,1.19,92.17,-10.409,-1.206,10.4,SAFE,0
2026-01-09 13:00:00,NODE-04,0.39,1.581,0.126,1.019,90.88,-1.165,-0.039,13.7,SAFE,0
2026-01-09 13:15:00,NODE-01,0.752,4.967,0.184,1.259,95.08,3.386,0.362,25.0,SAFE,1
2026-01-09 13:30:00,NODE-02,2.065,15.351,0.637,4.537,93.15,10.385,1.313,63.2,WARNING,0
2026-01-09 13:45:00,NODE-02,0.316,3.286,0.149,0.63,91.19,-12.066,-1.749,2.0,SAFE,1
2026-01-09 14:00:00,NODE-03,3.925,28.26,1.028,8.21,91.88,24.975,3.609,91.1,CRITICAL,0
2026-01-09 14:15:00,NODE-05,0.549,3.43,0.135,0.76,93.48,-24.83,-3.376,11.0,SAFE,0
2026-01-09 14:30:00,NODE-02,0.701,4.4,0.135,1.007,93.45,0.969,0.152,16.9,SAFE,0
2026-01-09 14:45:00,NODE-02,1.512,10.002,0.407,2.865,92.21,5.602,0.812,45.0,LOW,0
2026-01-09 15:00:00,NODE-04,1.973,12.372,0.569,2.969,91.81,2.37,0.461,48.0,LOW,0
2026-01-09 15:15:00,NODE-03,0.143,2.979,0.224,0.893,92.41,-9.393,-1.83,10.0,SAFE,0
2026-01-09 15:30:00,NODE-02,0.334,0.461,0.154,0.382,90.78,-2.518,0.191,5.3,SAFE,0
2026-01-09 15:45:00,NODE-03,1.101,7.075,0.217,2.748,92.52,6.613,0.767,35.8,SAFE,0
2026-01-09 16:00:00,NODE-01,0.654,2.924,0.27,1.653,92.53,-4.151,-0.448,9.8,SAFE,0
2026-01-09 16:15:00,NODE-01,0.738,8.735,0.359,1.589,94.92,5.811,0.084,32.8,SAFE,0
2026-01-09 16:30:00,NODE-03,0.23,0.996,0.273,1.054,92.54,-7.739,-0.508,11.2,SAFE,0
2026-01-09 16:45:00,NODE-02,1.574,7.763,0.268,3.114,93.38,6.767,1.344,45.2,LOW,0
2026-01-09 17:00:00,NODE-05,0.725,2.654,0.215,1.377,94.99,-5.109,-0.849,9.9,SAFE,0
2026-01-09 17:15:00,NODE-02,0.881,3.689,0.324,2.314,91.79,1.035,0.155,17.6,SAFE,1
2026-01-09 17:30:00,NODE-03,2.212,16.132,0.617,5.324,92.32,12.443,1.332,62.7,WARNING,0
2026-01-09 17:45:00,NODE-04,0.324,3.26,0.078,0.527,92.42,-12.871,-1.888,4.1,SAFE,0
2026-01-09 18:00:00,NODE-01,0.524,2.807,0.193,1.585,91.05,-0.453,0.2,14.3,SAFE,0
2026-01-09 18:15:00,NODE-04,0.289,1.278,0.16,0.527,92.74,-1.529,-0.235,0.3,SAFE,0
2026-01-09 18:30:00,NODE-01,0.887,2.711,0.194,1.369,94.45,1.433,0.598,24.2,SAFE,0
2026-01-09 18:45:00,NODE-05,1.537,12.64,0.425,3.762,94.06,9.929,0.65,49.1,LOW,0
2026-01-09 19:00:00,NODE-01,2.112,11.986,0.485,3.947,94.46,-0.654,0.575,36.5,SAFE,0
2026-01-09 19:15:00,NODE-02,1.314,6.011,0.31,2.41,92.28,-5.975,-0.799,22.4,SAFE,0
2026-01-09 19:30:00,NODE-01,1.031,3.915,0.217,1.612,91.68,-2.096,-0.283,15.4,SAFE,0
2026-01-09 19:45:00,NODE-05,0.124,2.669,0.083,1.186,95.74,-1.246,-0.907,8.5,SAFE,0
2026-01-09 20:00:00,NODE-03,0.395,3.799,0.197,1.026,93.29,1.13,0.271,18.2,SAFE,0
2026-01-09 20:15:00,NODE-03,0.292,1.813,0.112,0.001,91.09,-1.986,-0.103,0.0,SAFE,0
2026-01-09 20:30:00,NODE-01,1.606,12.118,0.485,3.043,96.1,10.305,1.313,46.6,LOW,0
2026-01-09 20:45:00,NODE-04,0.372,2.02,0.008,0.673,92.91,-10.098,-1.234,5.3,SAFE,0
2026-01-09 21:00:00,NODE-01,2.567,15.694,0.558,4.672,89.48,13.674,2.195,59.9,LOW,0
2026-01-09 21:15:00,NODE-05,0.835,6.338,0.242,2.158,94.76,-9.355,-1.732,17.5,SAFE,0
2026-01-09 21:30:00,NODE-01,0.937,8.122,0.184,2.73,90.24,1.783,0.102,30.7,SAFE,0
2026-01-09 21:45:00,NODE-01,1.919,15.531,0.595,4.474,93.35,7.409,0.982,53.2,LOW,0
2026-01-09 22:00:00,NODE-01,0.584,4.364,0.059,0.911,94.01,-11.167,-1.335,9.2,SAFE,0
2026-01-09 22:15:00,NODE-03,0.513,2.721,0.27,1.525,93.82,-1.644,-0.071,11.5,SAFE,0
2026-01-09 22:30:00,NODE-03,1.844,12.155,0.513,3.104,94.86,9.434,1.331,49.1,LOW,0
2026-01-09 22:45:00,NODE-01,1.702,9.794,0.442,4.241,94.21,-2.361,-0.141,30.9,SAFE,0
2026-01-09 23:00:00,NODE-04,1.063,7.055,0.163,2.162,95.22,-2.739,-0.639,24.6,SAFE,0
2026-01-09 23:15:00,NODE-03,0.659,6.561,0.265,1.356,92.87,-0.494,-0.404,18.5,SAFE,1
2026-01-09 23:30:00,NODE-03,2.128,15.41,0.513,4.253,92.49,8.849,1.469,62.3,WARNING,0
2026-01-09 23:45:00,NODE-03,0.581,3.916,0.128,1.309,92.56,-11.493,-1.547,12.9,SAFE,0
2026-01-10 00:00:00,NODE-02,0.782,6.423,0.262,1.038,94.62,2.507,0.201,27.4,SAFE,0
2026-01-10 00:15:00,NODE-03,1.38,9.149,0.398,2.105,92.21,2.726,0.598,38.7,SAFE,0
2026-01-10 00:30:00,NODE-01,0.737,5.696,0.32,1.738,93.99,-3.453,-0.643,21.1,SAFE,0
2026-01-10 00:45:00,NODE-01,0.572,2.975,0.185,1.613,91.93,-2.721,-0.165,13.2,SAFE,0
2026-01-10 01:00:00,NODE-05,1.4,8.963,0.36,2.937,91.95,5.988,0.828,41.5,LOW,0
2026-01-10 01:15:00,NODE-05,1.293,12.411,0.502,3.074,94.38,3.448,-0.107,46.6,LOW,0
2026-01-10 01:30:00,NODE-02,0.316,0.96,0.278,0.711,93.48,-11.451,-0.977,4.2,SAFE,0
2026-01-10 01:45:00,NODE-02,0.933,6.914,0.332,1.878,90.36,5.954,0.617,32.4,SAFE,1
2026-01-10 02:00:00,NODE-04,2.066,13.955,0.479,4.335,91.92,7.042,1.134,61.9,WARNING,0
2026-01-10 02:15:00,NODE-02,1.112,10.619,0.353,2.196,89.86,-3.336,-0.955,27.0,SAFE,0
2026-01-10 02:30:00,NODE-01,1.3,7.236,0.268,1.689,92.49,-3.383,0.188,15.3,SAFE,0
2026-01-10 02:45:00,NODE-01,0.919,7.683,0.365,2.232,92.61,0.447,-0.381,25.8,SAFE,0
2026-01-10 03:00:00,NODE-04,0.594,2.173,0.07,0.425,92.37,-5.51,-0.325,4.2,SAFE,0
2026-01-10 03:15:00,NODE-04,1.008,4.729,0.253,1.536,94.38,2.556,0.415,26.2,SAFE,0
2026-01-10 03:30:00,NODE-01,0.203,4.159,0.174,0.819,93.42,-0.57,-0.806,15.6,SAFE,0
2026-01-10 03:45:00,NODE-02,0.742,4.919,0.315,2.325,95.88,0.76,0.54,28.4,SAFE,0
2026-01-10 04:00:00,NODE-02,2.175,13.343,0.473,3.68,93.56,8.424,1.433,58.0,LOW,0
2026-01-10 04:15:00,NODE-04,0.35,2.936,0.159,0.176,93.58,-10.407,-1.825,5.3,SAFE,0
2026-01-10 04:30:00,NODE-01,0.665,6.838,0.353,1.441,93.24,3.902,0.315,29.2,SAFE,0
2026-01-10 04:45:00,NODE-01,0.857,3.179,0.144,1.285,92.59,-3.659,0.191,13.9,SAFE,0
2026-01-10 05:00:00,NODE-04,0.197,1.419,0.158,0.496,92.13,-1.759,-0.659,7.6,SAFE,0
2026-01-10 05:15:00,NODE-01,1.032,7.423,0.212,2.352,92.62,6.004,0.835,34.6,SAFE,0
2026-01-10 05:30:00,NODE-04,0.241,1.482,0.143,0.634,92.67,-5.941,-0.791,10.6,SAFE,0
2026-01-10 05:45:00,NODE-02,0.741,7.871,0.355,2.656,92.78,6.388,0.5,36.9,SAFE,0
2026-01-10 06:00:00,NODE-01,1.288,7.921,0.356,3.151,93.66,0.051,0.547,33.7,SAFE,0
2026-01-10 06:15:00,NODE-02,0.435,3.156,0.231,1.375,93.25,-4.765,-0.853,9.4,SAFE,0
2026-01-10 06:30:00,NODE-04,1.103,4.158,0.257,2.265,92.26,1.002,0.668,24.9,SAFE,1
2026-01-10 06:45:00,NODE-05,2.937,19.398,0.778,5.83,92.0,15.24,1.833,72.1,WARNING,0
2026-01-10 07:00:00,NODE-05,0.192,1.31,0.027,0.666,93.15,-18.088,-2.745,3.0,SAFE,0
2026-01-10 07:15:00,NODE-02,0.789,6.513,0.309,1.477,91.76,5.203,0.597,34.3,SAFE,0
2026-01-10 07:30:00,NODE-04,2.121,15.284,0.558,3.712,92.36,8.771,1.332,58.5,LOW,0
2026-01-10 07:45:00,NODE-01,1.084,8.977,0.33,3.328,92.23,-6.307,-1.037,25.5,SAFE,0
2026-01-10 08:00:00,NODE-02,1.147,8.703,0.26,2.59,95.78,-0.274,0.064,25.6,SAFE,0
2026-01-10 08:15:00,NODE-05,2.23,11.432,0.455,4.365,91.33,2.729,1.083,57.0,LOW,0
2026-01-10 08:30:00,NODE-01,1.753,11.25,0.453,2.992,91.91,-0.182,-0.478,34.7,SAFE,0
2026-01-10 08:45:00,NODE-01,1.183,7.69,0.276,3.098,92.19,-3.56,-0.569,25.7,SAFE,0
2026-01-10 09:00:00,NODE-01,1.482,10.406,0.433,2.55,92.31,2.716,0.299,43.1,LOW,0
2026-01-10 09:15:00,NODE-01,0.437,3.293,0.169,0.667,94.05,-7.113,-1.045,13.2,SAFE,0
2026-01-10 09:30:00,NODE-01,0.814,4.809,0.146,0.994,92.54,1.516,0.376,24.2,SAFE,0
2026-01-10 09:45:00,NODE-03,2.049,15.543,0.555,4.197,91.25,10.734,1.235,56.7,LOW,0
2026-01-10 10:00:00,NODE-03,1.598,14.419,0.507,4.036,94.55,-1.124,-0.451,40.0,LOW,0
2026-01-10 10:15:00,NODE-05,1.208,7.248,0.292,1.568,93.15,-7.171,-0.39,19.4,SAFE,0
2026-01-10 10:30:00,NODE-05,0.957,5.7,0.3,1.564,93.33,-1.548,-0.251,17.4,SAFE,1
2026-01-10 10:45:00,NODE-02,2.853,20.712,0.678,6.402,93.61,15.012,1.895,73.9,WARNING,0
2026-01-10 11:00:00,NODE-02,1.586,9.105,0.303,2.715,91.34,-11.607,-1.267,23.0,SAFE,0
2026-01-10 11:15:00,NODE-02,0.0,0.0,0.1,0.0,92.81,-9.105,-1.586,2.1,SAFE,0
2026-01-10 11:30:00,NODE-03,0.557,1.838,0.06,1.004,93.8,1.838,0.557,16.0,SAFE,0
2026-01-10 11:45:00,NODE-02,1.166,6.995,0.285,1.913,92.04,5.156,0.608,31.8,SAFE,0
2026-01-10 12:00:00,NODE-04,1.056,7.856,0.369,2.566,93.18,0.862,-0.109,28.3,SAFE,0
2026-01-10 12:15:00,NODE-02,0.827,3.289,0.235,1.429,93.46,-4.567,-0.229,12.8,SAFE,0
2026-01-10 12:30:00,NODE-03,0.904,4.474,0.153,1.895,91.05,1.185,0.077,20.2,SAFE,0
2026-01-10 12:45:00,NODE-03,0.0,0.409,0.115,0.367,91.56,-4.065,-0.904,2.1,SAFE,0
2026-01-10 13:00:00,NODE-02,2.221,14.037,0.509,4.31,90.05,13.628,2.221,54.4,LOW,0
2026-01-10 13:15:00,NODE-05,0.413,3.428,0.118,1.333,93.06,-10.609,-1.809,10.3,SAFE,0
2026-01-10 13:30:00,NODE-04,1.338,6.848,0.534,2.064,95.05,3.42,0.926,36.0,SAFE,0
2026-01-10 13:45:00,NODE-01,2.291,14.157,0.6,4.197,91.95,7.309,0.953,56.9,LOW,0
2026-01-10 14:00:00,NODE-05,1.397,9.065,0.38,3.242,92.55,-5.092,-0.894,33.0,SAFE,0
2026-01-10 14:15:00,NODE-03,2.311,15.437,0.655,4.448,93.99,6.372,0.914,56.8,LOW,0
2026-01-10 14:30:00,NODE-05,0.453,2.609,0.136,0.541,93.09,-12.828,-1.858,11.2,SAFE,0
2026-01-10 14:45:00,NODE-04,1.005,6.087,0.185,0.835,91.6,3.478,0.552,34.1,SAFE,0
2026-01-10 15:00:00,NODE-03,1.486,10.2,0.467,3.924,94.6,4.113,0.481,43.8,LOW,0
2026-01-10 15:15:00,NODE-01,0.719,7.193,0.266,1.217,93.0,-3.007,-0.766,17.5,SAFE,0
2026-01-10 15:30:00,NODE-02,0.115,0.788,0.195,0.467,92.48,-6.405,-0.605,1.6,SAFE,0
2026-01-10 15:45:00,NODE-03,2.39,17.356,0.697,4.55,92.58,16.567,2.275,59.2,LOW,0
2026-01-10 16:00:00,NODE-04,0.573,3.721,0.279,1.186,93.46,-13.635,-1.817,13.0,SAFE,0
2026-01-10 16:15:00,NODE-02,1.054,6.451,0.37,2.275,92.01,2.731,0.481,34.9,SAFE,0
2026-01-10 16:30:00,NODE-01,1.207,7.673,0.327,2.166,94.63,1.222,0.153,26.2,SAFE,0
2026-01-10 16:45:00,NODE-05,0.813,6.341,0.345,1.461,94.25,-1.332,-0.394,15.0,SAFE,0
2026-01-10 17:00:00,NODE-05,0.549,3.581,0.225,0.875,92.75,-2.761,-0.264,9.0,SAFE,0
2026-01-10 17:15:00,NODE-03,0.067,0.168,0.0,0.648,92.81,-3.413,-0.481,4.3,SAFE,0
2026-01-10 17:30:00,NODE-01,1.152,7.405,0.367,2.862,91.72,7.237,1.085,41.4,LOW,0
2026-01-10 17:45:00,NODE-02,1.814,8.543,0.442,2.462,91.96,1.139,0.662,38.3,SAFE,0
2026-01-10 18:00:00,NODE-01,0.0,0.0,0.056,0.349,91.36,-8.543,-1.814,0.6,SAFE,0
2026-01-10 18:15:00,NODE-05,0.772,1.863,0.178,1.947,92.48,1.863,0.772,20.9,SAFE,0
2026-01-10 18:30:00,NODE-01,0.693,1.72,0.102,0.0,92.79,-0.143,-0.08,9.3,SAFE,0
2026-01-10 18:45:00,NODE-03,1.759,11.941,0.43,2.572,90.81,10.221,1.066,50.6,LOW,0
2026-01-10 19:00:00,NODE-02,0.274,2.953,0.074,0.215,93.54,-8.987,-1.485,4.3,SAFE,0
2026-01-10 19:15:00,NODE-03,1.033,7.103,0.346,2.515,91.66,4.15,0.759,36.8,SAFE,0
2026-01-10 19:30:00,NODE-04,1.547,8.965,0.389,2.412,93.2,1.862,0.514,32.8,SAFE,0
2026-01-10 19:45:00,NODE-05,1.001,2.702,0.123,1.985,93.67,-6.263,-0.546,15.0,SAFE,1
2026-01-10 20:00:00,NODE-01,2.047,15.464,0.605,4.975,94.26,12.762,1.046,64.6,WARNING,0
2026-01-10 20:15:00,NODE-01,0.092,1.488,0.057,0.0,94.01,-13.975,-1.954,4.9,SAFE,0
2026-01-10 20:30:00,NODE-01,1.181,9.322,0.277,2.692,94.68,7.834,1.089,45.2,LOW,0
2026-01-10 20:45:00,NODE-05,0.738,7.916,0.378,2.302,93.66,-1.406,-0.443,20.6,SAFE,0
2026-01-10 21:00:00,NODE-05,1.649,12.673,0.511,4.205,92.88,4.757,0.911,48.5,LOW,1
2026-01-10 21:15:00,NODE-03,2.505,18.585,0.65,5.094,92.11,5.912,0.855,69.1,WARNING,0
2026-01-10 21:30:00,NODE-03,1.127,6.385,0.326,1.64,92.53,-12.2,-1.378,19.9,SAFE,0
2026-01-10 21:45:00,NODE-04,0.709,4.958,0.247,1.836,94.63,-1.427,-0.418,13.5,SAFE,0
2026-01-10 22:00:00,NODE-01,2.176,14.919,0.462,3.943,92.43,9.962,1.467,59.8,LOW,0
2026-01-10 22:15:00,NODE-05,0.722,2.966,0.216,0.52,92.66,-11.954,-1.454,8.6,SAFE,0
2026-01-10 22:30:00,NODE-02,1.609,9.031,0.489,3.99,94.43,6.065,0.887,44.3,LOW,0
2026-01-10 22:45:00,NODE-02,1.057,8.889,0.243,2.447,92.38,-0.142,-0.552,24.2,SAFE,0
2026-01-10 23:00:00,NODE-03,2.316,16.574,0.635,4.754,91.7,7.685,1.259,58.2,LOW,0
2026-01-10 23:15:00,NODE-01,0.264,0.0,0.091,0.331,94.01,-16.574,-2.053,5.7,SAFE,0
2026-01-10 23:30:00,NODE-01,0.0,0.812,0.133,0.197,91.65,0.812,-0.264,2.7,SAFE,0
2026-01-10 23:45:00,NODE-04,0.676,4.578,0.228,1.312,93.13,3.765,0.676,29.1,SAFE,0
2026-01-11 00:00:00,NODE-01,1.129,8.231,0.276,1.935,92.91,3.654,0.453,35.5,SAFE,0
2026-01-11 00:15:00,NODE-03,1.819,10.632,0.456,3.078,93.02,2.401,0.69,45.6,LOW,0
2026-01-11 00:30:00,NODE-02,0.632,2.891,0.134,0.791,89.73,-7.741,-1.187,6.1,SAFE,0
2026-01-11 00:45:00,NODE-02,0.21,0.737,0.145,0.0,93.57,-2.154,-0.422,2.9,SAFE,1
2026-01-11 01:00:00,NODE-02,2.932,17.786,0.758,5.739,92.55,17.049,2.721,72.9,WARNING,0
2026-01-11 01:15:00,NODE-02,0.791,6.058,0.183,1.377,93.36,-11.729,-2.141,14.7,SAFE,0
2026-01-11 01:30:00,NODE-04,1.586,9.836,0.418,3.082,93.22,3.778,0.795,41.8,LOW,0
2026-01-11 01:45:00,NODE-02,0.644,1.534,0.112,0.619,92.99,-8.301,-0.942,6.2,SAFE,0
2026-01-11 02:00:00,NODE-03,0.875,4.709,0.245,1.642,92.14,3.174,0.23,24.2,SAFE,0
2026-01-11 02:15:00,NODE-03,0.52,0.0,0.191,0.0,92.15,-4.709,-0.355,0.0,SAFE,1
2026-01-11 02:30:00,NODE-04,2.32,19.505,0.551,5.567,92.54,19.505,1.8,65.0,WARNING,0
2026-01-11 02:45:00,NODE-05,0.493,4.022,0.114,0.809,92.81,-15.483,-1.828,9.9,SAFE,0
2026-01-11 03:00:00,NODE-04,0.078,2.025,0.093,0.155,92.09,-1.998,-0.414,5.6,SAFE,0
2026-01-11 03:15:00,NODE-01,2.057,12.63,0.54,3.261,93.73,10.606,1.979,52.7,LOW,0
2026-01-11 03:30:00,NODE-01,1.077,5.593,0.167,1.657,92.2,-7.037,-0.981,18.1,SAFE,1
2026-01-11 03:45:00,NODE-02,4.745,35.456,1.241,10.391,91.41,29.863,3.668,89.9,CRITICAL,1
2026-01-11 04:00:00,NODE-03,3.622,25.069,0.828,7.214,93.3,-10.387,-1.123,74.6,WARNING,0
2026-01-11 04:15:00,NODE-01,0.653,7.882,0.226,1.755,94.84,-17.187,-2.969,15.8,SAFE,0
2026-01-11 04:30:00,NODE-03,2.03,10.449,0.515,2.74,91.18,2.567,1.377,45.4,LOW,0
2026-01-11 04:45:00,NODE-03,0.189,2.586,0.138,0.885,92.42,-7.863,-1.842,11.4,SAFE,0
2026-01-11 05:00:00,NODE-02,0.838,3.417,0.191,1.591,93.85,0.831,0.65,19.9,SAFE,0
2026-01-11 05:15:00,NODE-04,1.248,7.042,0.313,2.267,93.25,3.626,0.41,34.7,SAFE,0
2026-01-11 05:30:00,NODE-01,1.539,10.343,0.451,2.806,93.31,3.3,0.29,42.8,LOW,0
2026-01-11 05:45:00,NODE-01,0.812,7.038,0.274,1.957,92.6,-3.305,-0.727,21.8,SAFE,0
2026-01-11 06:00:00,NODE-04,0.0,2.66,0.053,0.182,89.37,-4.378,-0.812,4.1,SAFE,1
2026-01-11 06:15:00,NODE-03,5.179,35.088,1.265,10.915,92.86,32.429,5.179,87.8,CRITICAL,0
2026-01-11 06:30:00,NODE-04,0.918,4.603,0.268,1.856,93.0,-30.485,-4.261,15.6,SAFE,0
2026-01-11 06:45:00,NODE-03,1.134,4.844,0.34,1.752,93.9,0.241,0.217,22.1,SAFE,0
2026-01-11 07:00:00,NODE-02,1.073,6.603,0.249,1.795,91.64,1.759,-0.062,24.0,SAFE,0
2026-01-11 07:15:00,NODE-05,0.589,5.382,0.28,1.482,94.56,-1.221,-0.484,13.9,SAFE,0
2026-01-11 07:30:00,NODE-04,0.761,7.895,0.341,2.25,92.16,2.512,0.172,28.3,SAFE,0
2026-01-11 07:45:00,NODE-04,1.537,10.672,0.452,3.61,91.95,2.777,0.776,49.3,LOW,0
2026-01-11 08:00:00,NODE-02,0.331,3.831,0.223,0.675,91.66,-6.841,-1.207,9.4,SAFE,0
2026-01-11 08:15:00,NODE-03,0.612,4.987,0.255,1.574,93.78,1.155,0.282,20.3,SAFE,0
2026-01-11 08:30:00,NODE-02,0.476,3.647,0.259,0.755,91.21,-1.34,-0.136,12.5,SAFE,0
2026-01-11 08:45:00,NODE-01,0.845,4.465,0.254,1.215,93.28,0.818,0.369,16.3,SAFE,0
2026-01-11 09:00:00,NODE-05,0.91,5.15,0.159,1.621,91.54,0.684,0.065,18.1,SAFE,0
2026-01-11 09:15:00,NODE-01,0.239,1.73,0.113,0.725,92.46,-3.42,-0.672,9.7,SAFE,0
2026-01-11 09:30:00,NODE-05,1.228,5.562,0.206,1.986,90.68,3.833,0.989,33.4,SAFE,0
2026-01-11 09:45:00,NODE-03,1.008,7.158,0.259,2.442,93.45,1.595,-0.22,26.8,SAFE,0
2026-01-11 10:00:00,NODE-01,0.45,0.732,0.125,0.468,92.32,-6.426,-0.558,5.9,SAFE,0
2026-01-11 10:15:00,NODE-03,0.607,4.516,0.256,1.376,93.17,3.785,0.158,27.5,SAFE,0
2026-01-11 10:30:00,NODE-05,0.228,0.0,0.058,0.096,92.28,-4.516,-0.379,2.5,SAFE,0
2026-01-11 10:45:00,NODE-04,0.317,3.946,0.247,1.007,93.12,3.946,0.089,27.7,SAFE,0
2026-01-11 11:00:00,NODE-04,0.803,2.873,0.165,1.271,92.43,-1.073,0.486,15.7,SAFE,0
2026-01-11 11:15:00,NODE-04,0.587,2.492,0.169,0.832,93.37,-0.381,-0.216,8.1,SAFE,0
2026-01-11 11:30:00,NODE-04,0.065,2.517,0.018,0.647,93.12,0.025,-0.522,8.5,SAFE,0
2026-01-11 11:45:00,NODE-05,0.471,2.482,0.221,0.333,92.71,-0.035,0.406,10.5,SAFE,0
2026-01-11 12:00:00,NODE-02,0.677,6.223,0.334,1.829,91.39,3.741,0.206,27.8,SAFE,0
2026-01-11 12:15:00,NODE-03,1.764,11.648,0.49,3.371,91.94,5.425,1.088,45.9,LOW,0
2026-01-11 12:30:00,NODE-02,1.157,10.317,0.284,2.724,91.54,-1.331,-0.608,26.9,SAFE,0
2026-01-11 12:45:00,NODE-05,0.689,6.325,0.27,2.535,94.18,-3.992,-0.468,17.9,SAFE,0
2026-01-11 13:00:00,NODE-05,1.375,8.635,0.364,2.522,93.39,2.31,0.686,36.2,SAFE,0
2026-01-11 13:15:00,NODE-01,2.291,15.965,0.505,4.408,92.5,7.331,0.916,56.9,LOW,0
2026-01-11 13:30:00,NODE-04,0.26,0.458,0.267,1.129,91.78,-15.508,-2.031,6.7,SAFE,0
2026-01-11 13:45:00,NODE-05,1.878,14.854,0.638,4.194,91.5,14.396,1.618,58.5,LOW,0
2026-01-11 14:00:00,NODE-01,0.904,8.611,0.234,2.603,92.59,-6.243,-0.974,23.2,SAFE,0
2026-01-11 14:15:00,NODE-03,1.356,11.56,0.394,3.856,94.65,2.949,0.453,44.7,LOW,0
2026-01-11 14:30:00,NODE-05,0.51,0.81,0.162,0.168,92.44,-10.749,-0.846,6.9,SAFE,0
2026-01-11 14:45:00,NODE-01,0.376,4.35,0.155,1.252,93.88,3.539,-0.134,20.8,SAFE,0
2026-01-11 15:00:00,NODE-04,1.366,9.589,0.432,3.306,92.76,5.239,0.99,44.7,LOW,0
2026-01-11 15:15:00,NODE-02,0.885,6.767,0.244,1.087,93.1,-2.822,-0.481,14.7,SAFE,0
2026-01-11 15:30:00,NODE-05,0.693,4.343,0.204,1.782,91.85,-2.425,-0.192,12.7,SAFE,0
2026-01-11 15:45:00,NODE-05,2.181,13.663,0.614,4.731,92.18,9.32,1.488,58.1,LOW,0
2026-01-11 16:00:00,NODE-05,0.888,3.994,0.365,1.974,91.42,-9.669,-1.293,17.7,SAFE,0
2026-01-11 16:15:00,NODE-03,0.928,5.908,0.305,2.454,92.78,1.914,0.04,29.1,SAFE,0
2026-01-11 16:30:00,NODE-05,1.719,14.547,0.432,4.283,92.12,8.639,0.791,54.4,LOW,0
2026-01-11 16:45:00,NODE-05,1.936,14.093,0.544,4.226,92.84,-0.454,0.217,40.2,LOW,0
2026-01-11 17:00:00,NODE-02,0.372,2.226,0.111,0.179,91.22,-11.867,-1.564,2.5,SAFE,0
2026-01-11 17:15:00,NODE-05,0.55,7.782,0.377,1.531,92.95,5.556,0.178,32.1,SAFE,0
2026-01-11 17:30:00,NODE-01,1.275,8.976,0.425,2.693,92.6,1.194,0.725,36.4,SAFE,1
2026-01-11 17:45:00,NODE-03,2.169,14.303,0.604,4.929,92.56,5.326,0.893,61.1,WARNING,0
2026-01-11 18:00:00,NODE-02,0.343,3.231,0.195,0.872,92.86,-11.071,-1.825,10.4,SAFE,0
2026-01-11 18:15:00,NODE-01,1.438,10.562,0.401,2.554,92.1,7.331,1.095,47.7,LOW,1
2026-01-11 18:30:00,NODE-01,4.326,28.52,1.127,9.324,96.95,17.958,2.888,89.5,CRITICAL,0
2026-01-11 18:45:00,NODE-04,2.12,12.484,0.483,4.612,92.94,-16.036,-2.206,39.5,SAFE,0
2026-01-11 19:00:00,NODE-02,0.768,4.688,0.221,1.423,92.5,-7.797,-1.351,16.3,SAFE,0
2026-01-11 19:15:00,NODE-04,1.766,13.351,0.628,3.884,93.26,8.664,0.998,55.7,LOW,0
2026-01-11 19:30:00,NODE-01,1.214,6.831,0.304,2.756,91.74,-6.521,-0.552,23.7,SAFE,0
2026-01-11 19:45:00,NODE-02,0.989,5.109,0.248,1.15,91.7,-1.722,-0.225,11.4,SAFE,0
2026-01-11 20:00:00,NODE-03,0.0,2.534,0.137,1.125,93.32,-2.574,-0.989,2.6,SAFE,0
2026-01-11 20:15:00,NODE-04,1.034,8.035,0.278,2.558,93.42,5.501,1.034,36.5,SAFE,0
2026-01-11 20:30:00,NODE-02,0.834,6.771,0.188,1.758,93.78,-1.264,-0.201,17.2,SAFE,0
2026-01-11 20:45:00,NODE-04,0.581,0.0,0.04,0.093,90.64,-6.771,-0.253,0.0,SAFE,0
2026-01-11 21:00:00,NODE-05,1.895,14.858,0.537,4.468,92.19,14.858,1.314,55.9,LOW,0
2026-01-11 21:15:00,NODE-03,0.949,3.631,0.25,1.651,92.74,-11.227,-0.946,16.7,SAFE,0
2026-01-11 21:30:00,NODE-02,1.894,13.253,0.477,3.399,93.2,9.623,0.945,50.8,LOW,0
2026-01-11 21:45:00,NODE-01,1.123,9.778,0.478,3.22,92.97,-3.475,-0.77,29.4,SAFE,1
2026-01-11 22:00:00,NODE-05,2.67,14.897,0.625,4.724,91.31,5.119,1.546,62.7,WARNING,0
2026-01-11 22:15:00,NODE-01,0.185,0.0,0.107,0.636,92.95,-14.897,-2.485,0.0,SAFE,0
2026-01-11 22:30:00,NODE-05,1.197,6.004,0.289,2.89,92.71,6.004,1.012,38.7,SAFE,1
2026-01-11 22:45:00,NODE-03,2.618,19.214,0.653,5.304,92.7,13.211,1.422,65.3,WARNING,0
2026-01-11 23:00:00,NODE-05,0.587,2.09,0.231,1.226,91.0,-17.124,-2.031,10.0,SAFE,0
2026-01-11 23:15:00,NODE-04,1.468,8.008,0.358,1.983,91.19,5.917,0.881,37.2,SAFE,0
2026-01-11 23:30:00,NODE-05,0.659,1.971,0.18,0.397,94.49,-6.036,-0.808,10.8,SAFE,1
2026-01-11 23:45:00,NODE-02,2.362,16.15,0.632,5.905,93.49,14.178,1.703,61.2,WARNING,0
2026-01-12 00:00:00,NODE-04,1.176,4.553,0.207,1.341,92.23,-11.596,-1.186,19.1,SAFE,0
2026-01-12 00:15:00,NODE-02,1.09,10.093,0.25,2.551,92.25,5.539,-0.086,40.4,LOW,0
2026-01-12 00:30:00,NODE-03,0.932,9.813,0.285,1.415,94.96,-0.279,-0.159,17.1,SAFE,0
2026-01-12 00:45:00,NODE-04,1.446,11.147,0.362,3.326,92.35,1.334,0.514,37.0,SAFE,0
2026-01-12 01:00:00,NODE-05,0.865,3.779,0.206,1.129,92.15,-7.368,-0.581,14.5,SAFE,0
2026-01-12 01:15:00,NODE-05,0.669,2.602,0.192,1.913,91.33,-1.177,-0.196,10.2,SAFE,0
2026-01-12 01:30:00,NODE-04,0.774,4.404,0.292,2.147,92.0,1.802,0.105,22.8,SAFE,0
2026-01-12 01:45:00,NODE-02,0.484,0.322,0.179,0.707,90.26,-4.082,-0.29,6.9,SAFE,0
2026-01-12 02:00:00,NODE-03,0.457,0.31,0.173,0.0,92.9,-0.012,-0.027,2.7,SAFE,0
2026-01-12 02:15:00,NODE-04,1.528,8.358,0.389,2.598,93.78,8.048,1.071,41.6,LOW,0
2026-01-12 02:30:00,NODE-02,0.0,1.898,0.053,0.192,93.79,-6.461,-1.528,5.4,SAFE,0
2026-01-12 02:45:00,NODE-01,1.079,5.342,0.233,1.736,91.42,3.445,1.079,32.1,SAFE,0
2026-01-12 03:00:00,NODE-02,0.444,3.812,0.111,1.753,89.51,-1.531,-0.636,8.9,SAFE,0
2026-01-12 03:15:00,NODE-02,1.324,5.466,0.234,1.074,92.67,1.654,0.881,30.3,SAFE,0
2026-01-12 03:30:00,NODE-02,1.705,10.635,0.455,3.446,93.84,5.169,0.381,48.6,LOW,0
2026-01-12 03:45:00,NODE-02,1.636,10.268,0.367,4.073,90.33,-0.367,-0.069,33.1,SAFE,0
2026-01-12 04:00:00,NODE-01,1.017,5.114,0.26,1.866,91.8,-5.154,-0.618,15.0,SAFE,0
2026-01-12 04:15:00,NODE-01,1.138,5.146,0.253,2.369,92.67,0.032,0.12,18.0,SAFE,0
2026-01-12 04:30:00,NODE-05,1.526,10.313,0.479,3.665,91.23,5.167,0.389,38.9,SAFE,1
2026-01-12 04:45:00,NODE-03,2.793,17.607,0.738,5.598,90.16,7.294,1.267,66.5,WARNING,0
2026-01-12 05:00:00,NODE-02,0.566,2.553,0.062,1.297,91.34,-15.054,-2.227,11.8,SAFE,0
2026-01-12 05:15:00,NODE-04,0.459,1.826,0.201,0.08,91.55,-0.726,-0.107,4.8,SAFE,0
2026-01-12 05:30:00,NODE-01,1.493,12.009,0.523,4.354,89.96,10.182,1.034,48.5,LOW,1
2026-01-12 05:45:00,NODE-05,2.874,18.111,0.554,5.508,93.51,6.102,1.381,69.0,WARNING,0
2026-01-12 06:00:00,NODE-04,0.721,5.776,0.255,1.093,94.08,-12.335,-2.153,17.7,SAFE,0
2026-01-12 06:15:00,NODE-01,0.938,4.212,0.326,1.863,92.25,-1.564,0.217,17.2,SAFE,0
2026-01-12 06:30:00,NODE-02,0.362,1.756,0.084,0.456,93.09,-2.456,-0.576,6.8,SAFE,0
2026-01-12 06:45:00,NODE-05,0.934,3.904,0.237,1.814,90.43,2.148,0.573,24.6,SAFE,0
2026-01-12 07:00:00,NODE-05,0.897,6.097,0.239,2.444,92.04,2.194,-0.037,25.6,SAFE,0
2026-01-12 07:15:00,NODE-03,0.588,3.719,0.214,0.882,91.51,-2.378,-0.309,6.6,SAFE,0
2026-01-12 07:30:00,NODE-03,0.697,3.486,0.235,1.597,92.69,-0.233,0.109,15.1,SAFE,0
2026-01-12 07:45:00,NODE-01,0.832,6.193,0.217,2.709,88.96,2.707,0.135,29.0,SAFE,0
2026-01-12 08:00:00,NODE-05,0.73,6.513,0.228,1.62,91.83,0.32,-0.102,16.0,SAFE,0
2026-01-12 08:15:00,NODE-02,0.492,3.995,0.188,0.847,92.94,-2.518,-0.237,10.4,SAFE,0
2026-01-12 08:30:00,NODE-05,1.829,10.306,0.488,3.725,92.47,6.311,1.336,48.2,LOW,0
2026-01-12 08:45:00,NODE-04,2.295,14.265,0.536,4.017,93.12,3.959,0.467,52.3,LOW,0
2026-01-12 09:00:00,NODE-03,0.414,0.828,0.13,1.307,91.46,-13.437,-1.881,8.5,SAFE,0
2026-01-12 09:15:00,NODE-03,1.968,9.777,0.376,3.038,88.79,8.949,1.554,45.0,LOW,0
2026-01-12 09:30:00,NODE-02,0.854,5.119,0.286,1.573,93.49,-4.657,-1.114,16.0,SAFE,0
2026-01-12 09:45:00,NODE-01,0.918,7.232,0.21,1.74,93.08,2.113,0.064,22.1,SAFE,0
2026-01-12 10:00:00,NODE-02,1.886,11.601,0.417,3.535,94.05,4.368,0.969,48.6,LOW,0
2026-01-12 10:15:00,NODE-01,0.78,5.666,0.243,2.374,92.25,-5.935,-1.106,17.6,SAFE,0
2026-01-12 10:30:00,NODE-04,0.743,3.014,0.24,1.986,92.66,-2.652,-0.038,12.1,SAFE,0
2026-01-12 10:45:00,NODE-02,0.419,3.478,0.184,1.396,94.95,0.463,-0.324,13.9,SAFE,0
2026-01-12 11:00:00,NODE-01,0.896,5.248,0.369,2.597,89.93,1.77,0.478,24.2,SAFE,0
2026-01-12 11:15:00,NODE-05,0.624,2.047,0.245,1.133,92.68,-3.201,-0.272,9.4,SAFE,0
2026-01-12 11:30:00,NODE-05,1.66,8.179,0.357,2.912,93.6,6.132,1.036,43.0,LOW,0
2026-01-12 11:45:00,NODE-05,1.674,8.831,0.385,3.389,92.39,0.652,0.014,37.0,SAFE,0
2026-01-12 12:00:00,NODE-05,0.373,5.938,0.183,1.418,92.22,-2.893,-1.301,9.9,SAFE,0
2026-01-12 12:15:00,NODE-01,1.018,5.697,0.204,1.555,90.35,-0.241,0.646,21.5,SAFE,0
2026-01-12 12:30:00,NODE-02,1.71,7.182,0.283,2.97,93.89,1.485,0.692,37.0,SAFE,0
2026-01-12 12:45:00,NODE-04,0.709,3.266,0.256,1.513,93.41,-3.916,-1.001,13.5,SAFE,0
2026-01-12 13:00:00,NODE-04,0.797,1.755,0.203,1.138,93.66,-1.511,0.088,8.2,SAFE,0
2026-01-12 13:15:00,NODE-01,1.017,3.328,0.312,1.661,92.09,1.573,0.219,21.4,SAFE,0
2026-01-12 13:30:00,NODE-05,1.743,9.991,0.392,3.584,91.73,6.663,0.727,40.4,LOW,0
2026-01-12 13:45:00,NODE-02,1.289,6.076,0.219,1.955,92.1,-3.915,-0.455,19.4,SAFE,0
2026-01-12 14:00:00,NODE-02,0.813,2.239,0.136,0.833,94.15,-3.836,-0.476,6.1,SAFE,0
2026-01-12 14:15:00,NODE-03,1.425,11.991,0.298,3.38,91.79,9.751,0.613,45.9,LOW,0
2026-01-12 14:30:00,NODE-03,2.14,14.445,0.518,4.722,93.88,2.454,0.714,53.6,LOW,0
2026-01-12 14:45:00,NODE-03,0.957,9.054,0.507,2.128,91.92,-5.391,-1.182,22.9,SAFE,0
2026-01-12 15:00:00,NODE-01,0.581,3.545,0.253,0.911,91.07,-5.509,-0.376,11.9,SAFE,0
2026-01-12 15:15:00,NODE-05,1.368,9.407,0.308,2.624,89.6,5.861,0.788,41.5,LOW,1
2026-01-12 15:30:00,NODE-02,3.172,22.604,0.798,6.557,92.78,13.198,1.804,80.0,CRITICAL,0
2026-01-12 15:45:00,NODE-01,0.503,3.092,0.178,1.435,93.01,-19.512,-2.669,10.4,SAFE,0
2026-01-12 16:00:00,NODE-05,0.361,1.716,0.237,0.777,90.7,-1.376,-0.142,7.9,SAFE,0
2026-01-12 16:15:00,NODE-05,0.868,4.426,0.4,1.63,93.85,2.711,0.507,26.4,SAFE,0
2026-01-12 16:30:00,NODE-05,1.612,12.82,0.441,4.129,90.42,8.393,0.744,54.3,LOW,0
2026-01-12 16:45:00,NODE-04,1.019,4.756,0.299,1.158,92.92,-8.064,-0.593,13.5,SAFE,0
2026-01-12 17:00:00,NODE-04,1.533,10.693,0.417,2.643,92.97,5.937,0.514,44.7,LOW,0
2026-01-12 17:15:00,NODE-03,2.113,13.054,0.563,4.366,93.35,2.361,0.58,54.1,LOW,0
2026-01-12 17:30:00,NODE-01,0.772,4.193,0.191,0.531,89.69,-8.86,-1.342,12.3,SAFE,0
2026-01-12 17:45:00,NODE-02,0.499,4.187,0.168,1.719,93.34,-0.007,-0.273,12.2,SAFE,0
2026-01-12 18:00:00,NODE-02,0.677,4.435,0.195,1.725,91.88,0.249,0.178,15.3,SAFE,0
2026-01-12 18:15:00,NODE-02,0.72,3.674,0.11,1.277,91.64,-0.761,0.043,11.6,SAFE,0
2026-01-12 18:30:00,NODE-04,2.234,11.963,0.432,4.073,93.04,8.289,1.515,47.6,LOW,0
2026-01-12 18:45:00,NODE-03,2.42,15.26,0.533,5.14,93.19,3.297,0.185,56.6,LOW,0
2026-01-12 19:00:00,NODE-01,1.881,9.615,0.466,3.873,89.65,-5.645,-0.538,37.1,SAFE,0
2026-01-12 19:15:00,NODE-02,0.583,4.504,0.166,1.333,90.49,-5.111,-1.298,11.9,SAFE,0
2026-01-12 19:30:00,NODE-04,1.601,12.322,0.353,3.65,93.47,7.818,1.018,47.8,LOW,0
2026-01-12 19:45:00,NODE-01,1.237,7.805,0.244,3.117,92.6,-4.517,-0.364,21.5,SAFE,0
2026-01-12 20:00:00,NODE-05,2.014,10.944,0.447,3.691,92.24,3.139,0.777,50.1,LOW,0
2026-01-12 20:15:00,NODE-03,1.181,6.986,0.281,2.543,90.84,-3.957,-0.833,20.1,SAFE,0
2026-01-12 20:30:00,NODE-03,0.1,0.0,0.095,0.034,92.54,-6.986,-1.081,3.8,SAFE,0
2026-01-12 20:45:00,NODE-03,0.612,1.724,0.23,0.381,93.48,1.724,0.512,20.4,SAFE,0
2026-01-12 21:00:00,NODE-05,0.82,4.854,0.261,0.946,94.79,3.13,0.208,28.9,SAFE,0
2026-01-12 21:15:00,NODE-02,0.56,4.486,0.157,1.409,91.58,-0.368,-0.26,8.8,SAFE,0
2026-01-12 21:30:00,NODE-04,1.016,5.908,0.243,2.358,93.06,1.422,0.455,29.1,SAFE,0
2026-01-12 21:45:00,NODE-03,0.54,5.228,0.178,0.911,94.23,-0.68,-0.476,13.7,SAFE,0
2026-01-12 22:00:00,NODE-02,1.823,8.845,0.427,3.383,90.26,3.617,1.283,44.6,LOW,0
2026-01-12 22:15:00,NODE-05,1.136,6.755,0.317,1.597,94.15,-2.091,-0.687,22.6,SAFE,0
2026-01-12 22:30:00,NODE-04,0.739,4.941,0.099,1.737,92.23,-1.813,-0.397,14.8,SAFE,1
2026-01-12 22:45:00,NODE-04,4.772,33.722,1.298,10.862,92.08,28.781,4.033,93.4,CRITICAL,0
2026-01-12 23:00:00,NODE-05,0.813,10.107,0.309,2.878,91.33,-23.615,-3.96,21.5,SAFE,0
2026-01-12 23:15:00,NODE-05,1.274,10.47,0.361,2.97,91.54,0.363,0.461,30.7,SAFE,0
2026-01-12 23:30:00,NODE-04,1.362,10.55,0.47,2.72,91.08,0.08,0.088,30.2,SAFE,0
2026-01-12 23:45:00,NODE-05,1.39,9.099,0.246,2.811,90.83,-1.452,0.028,28.5,SAFE,0
2026-01-13 00:00:00,NODE-04,0.483,3.601,0.166,0.587,92.51,-5.497,-0.907,10.4,SAFE,0
2026-01-13 00:15:00,NODE-04,1.623,5.769,0.296,2.176,93.3,2.168,1.141,31.9,SAFE,0
2026-01-13 00:30:00,NODE-03,1.219,7.224,0.313,2.864,90.7,1.454,-0.405,32.9,SAFE,0
2026-01-13 00:45:00,NODE-04,1.544,12.426,0.489,3.511,91.12,5.202,0.325,45.6,LOW,0
2026-01-13 01:00:00,NODE-01,1.113,3.744,0.283,1.76,92.26,-8.682,-0.431,14.3,SAFE,0
2026-01-13 01:15:00,NODE-05,1.693,11.028,0.352,3.155,90.61,7.283,0.58,43.0,LOW,0
2026-01-13 01:30:00,NODE-05,1.206,9.114,0.384,2.806,92.24,-1.914,-0.487,22.8,SAFE,0
2026-01-13 01:45:00,NODE-01,1.225,9.271,0.324,3.015,91.62,0.157,0.019,21.3,SAFE,0
2026-01-13 02:00:00,NODE-05,0.576,3.044,0.156,1.366,89.97,-6.227,-0.649,10.6,SAFE,0
2026-01-13 02:15:00,NODE-01,0.788,4.286,0.314,1.091,92.5,1.243,0.211,16.1,SAFE,0
2026-01-13 02:30:00,NODE-02,1.25,10.228,0.5,3.03,91.26,5.942,0.462,43.5,LOW,0
2026-01-13 02:45:00,NODE-04,1.441,9.575,0.471,2.102,93.16,-0.653,0.191,30.8,SAFE,0
2026-01-13 03:00:00,NODE-01,1.072,5.909,0.261,1.293,91.69,-3.667,-0.369,18.0,SAFE,0
2026-01-13 03:15:00,NODE-05,0.651,0.074,0.226,0.0,91.07,-5.835,-0.421,5.8,SAFE,0
2026-01-13 03:30:00,NODE-05,0.332,3.725,0.125,1.29,91.88,3.651,-0.319,16.1,SAFE,0
2026-01-13 03:45:00,NODE-03,1.177,9.383,0.311,2.923,93.41,5.658,0.846,42.8,LOW,0
2026-01-13 04:00:00,NODE-01,0.603,4.952,0.156,1.029,94.12,-4.431,-0.574,17.0,SAFE,1
2026-01-13 04:15:00,NODE-02,2.576,16.856,0.602,5.325,92.62,11.904,1.973,67.5,WARNING,1
2026-01-13 04:30:00,NODE-03,3.113,22.087,0.8,6.316,91.2,5.231,0.537,72.0,WARNING,0
2026-01-13 04:45:00,NODE-05,0.783,6.997,0.275,1.138,91.94,-15.09,-2.33,16.5,SAFE,0
2026-01-13 05:00:00,NODE-04,1.652,9.493,0.456,3.369,91.78,2.496,0.868,43.4,LOW,0
2026-01-13 05:15:00,NODE-02,1.246,9.26,0.462,2.814,91.71,-0.232,-0.406,26.4,SAFE,0
2026-01-13 05:30:00,NODE-04,1.852,9.473,0.372,4.248,91.59,0.213,0.606,38.0,SAFE,1
2026-01-13 05:45:00,NODE-03,2.732,20.855,0.661,6.839,90.73,11.382,0.88,78.6,WARNING,0
2026-01-13 06:00:00,NODE-04,1.087,7.976,0.202,2.504,93.05,-12.878,-1.645,21.8,SAFE,0
2026-01-13 06:15:00,NODE-01,0.452,0.861,0.045,0.613,92.91,-7.115,-0.634,3.9,SAFE,0
2026-01-13 06:30:00,NODE-04,1.644,7.521,0.313,2.634,91.9,6.66,1.192,41.0,LOW,0
2026-01-13 06:45:00,NODE-03,2.42,14.207,0.503,4.399,93.38,6.686,0.776,53.9,LOW,0
2026-01-13 07:00:00,NODE-05,0.326,2.148,0.057,0.551,92.58,-12.059,-2.094,3.9,SAFE,1
2026-01-13 07:15:00,NODE-02,2.662,17.852,0.642,5.179,90.53,15.704,2.335,67.9,WARNING,0
2026-01-13 07:30:00,NODE-04,2.399,18.864,0.625,5.304,91.44,1.012,-0.263,54.3,LOW,0
2026-01-13 07:45:00,NODE-05,1.934,12.544,0.432,4.431,93.64,-6.32,-0.465,42.8,LOW,0
2026-01-13 08:00:00,NODE-01,0.319,0.446,0.155,0.824,91.42,-12.098,-1.615,6.5,SAFE,0
2026-01-13 08:15:00,NODE-05,1.21,7.976,0.245,2.585,91.02,7.53,0.892,34.7,SAFE,0
2026-01-13 08:30:00,NODE-04,0.853,2.283,0.269,0.932,92.72,-5.693,-0.357,7.7,SAFE,0
2026-01-13 08:45:00,NODE-01,1.487,6.816,0.301,1.265,91.51,4.533,0.634,37.3,SAFE,0
2026-01-13 09:00:00,NODE-02,0.545,3.0,0.163,0.942,92.51,-3.816,-0.942,7.2,SAFE,0
2026-01-13 09:15:00,NODE-04,2.392,14.378,0.565,4.139,91.8,11.378,1.847,54.4,LOW,0
2026-01-13 09:30:00,NODE-01,0.975,4.179,0.135,1.232,90.88,-10.199,-1.417,12.0,SAFE,0
2026-01-13 09:45:00,NODE-03,0.837,3.695,0.314,2.078,91.0,-0.484,-0.138,18.9,SAFE,0
2026-01-13 10:00:00,NODE-02,0.938,5.625,0.301,1.273,89.81,1.931,0.101,22.9,SAFE,0
2026-01-13 10:15:00,NODE-04,1.017,3.522,0.167,1.583,90.5,-2.103,0.08,12.5,SAFE,0
2026-01-13 10:30:00,NODE-01,1.044,8.619,0.232,2.863,92.58,5.097,0.027,36.5,SAFE,0
2026-01-13 10:45:00,NODE-05,0.305,1.04,0.06,0.119,93.26,-7.579,-0.739,6.0,SAFE,0
2026-01-13 11:00:00,NODE-05,0.922,7.37,0.27,2.572,91.08,6.33,0.617,39.8,SAFE,0
2026-01-13 11:15:00,NODE-05,0.553,5.548,0.081,1.563,90.16,-1.822,-0.369,16.3,SAFE,0
2026-01-13 11:30:00,NODE-04,1.793,12.366,0.376,3.495,93.17,6.818,1.24,51.3,LOW,0
2026-01-13 11:45:00,NODE-01,1.695,15.673,0.324,3.945,93.2,3.307,-0.099,45.2,LOW,0
2026-01-13 12:00:00,NODE-04,1.64,10.03,0.459,4.029,92.67,-5.643,-0.055,34.6,SAFE,0
2026-01-13 12:15:00,NODE-01,1.08,9.695,0.374,2.973,90.06,-0.335,-0.56,29.5,SAFE,0
2026-01-13 12:30:00,NODE-01,1.091,8.491,0.407,2.281,92.41,-1.204,0.011,28.7,SAFE,0
2026-01-13 12:45:00,NODE-02,2.202,13.258,0.57,3.806,92.45,4.767,1.112,54.9,LOW,0
2026-01-13 13:00:00,NODE-03,1.179,9.242,0.346,2.601,92.87,-4.016,-1.023,24.0,SAFE,0
2026-01-13 13:15:00,NODE-04,1.577,11.095,0.373,3.169,91.96,1.853,0.398,37.4,SAFE,0
2026-01-13 13:30:00,NODE-04,1.832,11.854,0.511,3.253,90.88,0.759,0.255,41.2,LOW,0
2026-01-13 13:45:00,NODE-03,2.617,12.817,0.538,4.998,91.29,0.963,0.784,50.1,LOW,1
2026-01-13 14:00:00,NODE-02,2.849,17.249,0.692,6.201,93.18,4.433,0.232,65.8,WARNING,0
2026-01-13 14:15:00,NODE-05,0.579,0.923,0.105,0.307,92.22,-16.327,-2.27,3.4,SAFE,0
2026-01-13 14:30:00,NODE-03,1.719,10.997,0.442,3.695,90.2,10.074,1.14,47.9,LOW,0
2026-01-13 14:45:00,NODE-03,0.584,4.711,0.189,1.819,93.81,-6.286,-1.135,15.3,SAFE,0
2026-01-13 15:00:00,NODE-01,1.306,7.143,0.299,2.043,93.14,2.432,0.722,35.5,SAFE,0
2026-01-13 15:15:00,NODE-04,0.812,3.293,0.249,1.527,93.75,-3.85,-0.494,15.6,SAFE,0
2026-01-13 15:30:00,NODE-04,0.901,4.43,0.201,1.923,93.11,1.136,0.089,16.7,SAFE,0
2026-01-13 15:45:00,NODE-02,0.676,3.493,0.157,1.128,90.63,-0.937,-0.225,11.0,SAFE,0
2026-01-13 16:00:00,NODE-01,2.431,14.462,0.609,3.74,92.14,10.969,1.755,55.9,LOW,0
2026-01-13 16:15:00,NODE-04,1.512,10.016,0.422,3.768,92.46,-4.445,-0.919,28.8,SAFE,1
2026-01-13 16:30:00,NODE-04,2.613,19.717,0.618,5.265,90.12,9.701,1.101,65.2,WARNING,0
2026-01-13 16:45:00,NODE-02,1.879,12.21,0.519,4.192,90.33,-7.507,-0.734,35.1,SAFE,0
2026-01-13 17:00:00,NODE-05,0.46,0.847,0.294,0.753,92.62,-11.364,-1.419,9.2,SAFE,1
2026-01-13 17:15:00,NODE-01,2.422,15.997,0.574,4.826,92.71,15.15,1.962,61.8,WARNING,0
2026-01-13 17:30:00,NODE-03,0.684,4.054,0.252,0.939,94.56,-11.943,-1.738,14.7,SAFE,0
2026-01-13 17:45:00,NODE-05,1.352,8.073,0.36,2.275,91.41,4.019,0.668,39.8,SAFE,0
2026-01-13 18:00:00,NODE-02,0.486,3.293,0.188,1.085,89.7,-4.78,-0.865,10.8,SAFE,1
2026-01-13 18:15:00,NODE-04,2.501,14.628,0.617,4.972,91.53,11.335,2.015,60.9,WARNING,0
2026-01-13 18:30:00,NODE-02,0.547,1.855,0.136,1.076,92.72,-12.773,-1.954,10.3,SAFE,0
2026-01-13 18:45:00,NODE-02,0.573,5.168,0.257,1.748,91.27,3.312,0.026,20.1,SAFE,0
2026-01-13 19:00:00,NODE-05,2.286,15.581,0.499,4.123,91.82,10.414,1.714,57.0,LOW,0
2026-01-13 19:15:00,NODE-02,1.291,7.734,0.249,2.29,90.93,-7.847,-0.995,23.1,SAFE,1
2026-01-13 19:30:00,NODE-05,2.359,17.579,0.736,5.138,93.13,9.844,1.067,69.3,WARNING,0
2026-01-13 19:45:00,NODE-02,0.939,8.179,0.31,2.553,92.59,-9.4,-1.42,19.7,SAFE,0
2026-01-13 20:00:00,NODE-01,1.233,7.253,0.201,1.949,90.7,-0.926,0.294,19.3,SAFE,0
2026-01-13 20:15:00,NODE-01,0.361,2.528,0.143,0.799,91.06,-4.725,-0.872,2.2,SAFE,0
2026-01-13 20:30:00,NODE-04,1.929,11.481,0.432,3.249,90.87,8.953,1.567,45.0,LOW,1
2026-01-13 20:45:00,NODE-02,2.337,18.013,0.642,5.628,89.45,6.532,0.408,62.8,WARNING,0
2026-01-13 21:00:00,NODE-05,1.338,9.956,0.294,2.841,90.76,-8.056,-0.998,24.8,SAFE,1
2026-01-13 21:15:00,NODE-03,2.94,18.469,0.735,5.536,89.54,8.513,1.602,67.5,WARNING,0
2026-01-13 21:30:00,NODE-05,0.8,3.495,0.237,1.476,92.79,-14.974,-2.141,13.7,SAFE,0
2026-01-13 21:45:00,NODE-01,1.624,8.615,0.367,3.444,92.88,5.12,0.824,45.4,LOW,0
2026-01-13 22:00:00,NODE-05,0.659,7.015,0.288,1.913,91.3,-1.6,-0.965,18.2,SAFE,1
2026-01-13 22:15:00,NODE-04,2.657,17.829,0.763,5.533,91.9,10.814,1.998,67.8,WARNING,0
2026-01-13 22:30:00,NODE-04,0.808,6.904,0.224,2.477,92.94,-10.925,-1.849,20.4,SAFE,0
2026-01-13 22:45:00,NODE-05,1.495,9.655,0.399,2.289,92.59,2.751,0.687,36.4,SAFE,0
2026-01-13 23:00:00,NODE-04,1.893,11.507,0.514,4.145,94.05,1.852,0.398,45.9,LOW,0
2026-01-13 23:15:00,NODE-04,2.188,12.313,0.58,4.456,91.95,0.806,0.295,44.9,LOW,1
2026-01-13 23:30:00,NODE-01,2.722,18.353,0.717,5.872,93.38,6.04,0.534,67.7,WARNING,0
2026-01-13 23:45:00,NODE-01,0.464,3.683,0.122,1.258,91.75,-14.67,-2.258,8.9,SAFE,0
2026-01-14 00:00:00,NODE-05,2.28,13.818,0.525,4.201,91.49,10.135,1.816,55.4,LOW,0
2026-01-14 00:15:00,NODE-03,1.422,5.736,0.323,2.535,92.44,-8.081,-0.858,23.4,SAFE,0
2026-01-14 00:30:00,NODE-04,1.057,8.767,0.298,3.039,92.29,3.03,-0.365,38.7,SAFE,0
2026-01-14 00:45:00,NODE-03,1.241,7.099,0.376,2.954,90.89,-1.667,0.184,21.7,SAFE,0
2026-01-14 01:00:00,NODE-01,0.698,1.463,0.153,1.459,90.63,-5.636,-0.544,11.5,SAFE,0
2026-01-14 01:15:00,NODE-01,1.328,10.037,0.513,2.994,91.7,8.574,0.63,47.2,LOW,0
2026-01-14 01:30:00,NODE-04,0.468,4.945,0.193,1.282,89.34,-5.092,-0.86,9.4,SAFE,0
2026-01-14 01:45:00,NODE-03,0.393,3.076,0.092,0.584,91.24,-1.87,-0.074,7.0,SAFE,0
2026-01-14 02:00:00,NODE-01,1.702,12.168,0.524,3.523,90.43,9.093,1.309,50.6,LOW,0
2026-01-14 02:15:00,NODE-03,1.017,10.876,0.418,3.618,90.91,-1.293,-0.685,34.5,SAFE,0
2026-01-14 02:30:00,NODE-01,1.789,13.633,0.448,4.124,90.66,2.758,0.772,57.0,LOW,0
2026-01-14 02:45:00,NODE-03,0.686,5.984,0.308,2.196,92.51,-7.649,-1.103,15.1,SAFE,1
2026-01-14 03:00:00,NODE-02,2.681,16.663,0.717,5.416,92.13,10.679,1.995,65.1,WARNING,0
2026-01-14 03:15:00,NODE-04,1.184,6.959,0.332,2.022,91.65,-9.704,-1.497,21.8,SAFE,1
2026-01-14 03:30:00,NODE-02,2.359,17.063,0.563,4.994,91.12,10.104,1.175,63.3,WARNING,0
2026-01-14 03:45:00,NODE-03,2.08,14.392,0.546,4.621,92.82,-2.671,-0.279,42.4,LOW,0
2026-01-14 04:00:00,NODE-01,0.956,6.263,0.232,1.419,92.66,-8.129,-1.124,14.5,SAFE,0
2026-01-14 04:15:00,NODE-01,0.76,6.104,0.369,2.203,91.44,-0.159,-0.196,17.0,SAFE,0
2026-01-14 04:30:00,NODE-02,1.49,8.98,0.321,2.374,93.19,2.876,0.73,36.2,SAFE,1
2026-01-14 04:45:00,NODE-03,2.794,20.349,0.715,6.4,91.34,11.369,1.304,67.5,WARNING,0
2026-01-14 05:00:00,NODE-03,1.053,7.983,0.267,1.823,91.81,-12.366,-1.741,16.6,SAFE,0
2026-01-14 05:15:00,NODE-02,1.573,10.916,0.314,2.94,90.87,2.933,0.52,45.5,LOW,0
2026-01-14 05:30:00,NODE-04,1.399,8.603,0.345,2.046,91.08,-2.312,-0.174,25.9,SAFE,0
2026-01-14 05:45:00,NODE-05,1.038,7.763,0.269,2.199,90.8,-0.841,-0.362,22.5,SAFE,1
2026-01-14 06:00:00,NODE-04,2.474,17.316,0.709,5.173,92.37,9.553,1.436,64.3,WARNING,0
2026-01-14 06:15:00,NODE-01,0.912,5.252,0.277,1.903,92.0,-12.064,-1.562,17.3,SAFE,1
2026-01-14 06:30:00,NODE-03,4.115,28.647,0.986,8.601,90.28,23.395,3.203,89.2,CRITICAL,0
2026-01-14 06:45:00,NODE-01,1.456,8.135,0.375,3.145,92.22,-20.512,-2.659,23.1,SAFE,0
2026-01-14 07:00:00,NODE-02,1.772,13.29,0.486,4.18,93.69,5.156,0.316,51.4,LOW,0
2026-01-14 07:15:00,NODE-05,1.425,10.855,0.357,2.868,90.74,-2.435,-0.348,30.9,SAFE,0
2026-01-14 07:30:00,NODE-01,0.882,6.314,0.299,2.102,90.67,-4.541,-0.543,16.2,SAFE,1
2026-01-14 07:45:00,NODE-03,2.536,17.297,0.658,4.642,91.53,10.983,1.654,60.3,WARNING,0
2026-01-14 08:00:00,NODE-03,0.79,6.888,0.252,2.056,93.17,-10.409,-1.746,19.5,SAFE,1
2026-01-14 08:15:00,NODE-04,3.996,28.275,1.064,8.692,90.99,21.387,3.206,90.8,CRITICAL,0
2026-01-14 08:30:00,NODE-03,0.286,3.227,0.189,0.965,93.72,-25.048,-3.71,11.0,SAFE,1
2026-01-14 08:45:00,NODE-01,2.431,16.954,0.646,5.525,90.24,13.727,2.145,68.0,WARNING,0
2026-01-14 09:00:00,NODE-02,1.059,7.044,0.185,1.467,91.73,-9.91,-1.373,15.1,SAFE,0
2026-01-14 09:15:00,NODE-03,1.093,9.557,0.381,2.358,89.46,2.513,0.034,33.4,SAFE,0
2026-01-14 09:30:00,NODE-01,0.545,3.961,0.148,0.897,90.38,-5.596,-0.548,7.9,SAFE,0
2026-01-14 09:45:00,NODE-02,0.464,1.446,0.187,0.198,91.24,-2.515,-0.081,3.9,SAFE,0
2026-01-14 10:00:00,NODE-01,0.79,7.906,0.317,2.056,91.82,6.46,0.327,31.7,SAFE,0
2026-01-14 10:15:00,NODE-01,0.812,5.525,0.311,1.509,92.98,-2.381,0.021,20.4,SAFE,0
2026-01-14 10:30:00,NODE-02,0.604,4.545,0.158,1.123,90.65,-0.98,-0.208,14.7,SAFE,0
2026-01-14 10:45:00,NODE-01,1.372,6.242,0.406,1.765,91.99,1.697,0.768,32.2,SAFE,0
2026-01-14 11:00:00,NODE-03,2.295,14.113,0.596,4.407,89.87,7.871,0.923,52.2,LOW,0
2026-01-14 11:15:00,NODE-04,1.012,5.527,0.327,1.487,92.69,-8.586,-1.283,18.7,SAFE,0
2026-01-14 11:30:00,NODE-04,1.901,14.877,0.633,3.938,93.04,9.35,0.888,56.8,LOW,0
2026-01-14 11:45:00,NODE-01,2.294,16.201,0.591,4.55,92.71,1.324,0.394,49.9,LOW,0
2026-01-14 12:00:00,NODE-01,1.169,7.979,0.353,1.973,92.71,-8.222,-1.125,24.5,SAFE,0
2026-01-14 12:15:00,NODE-01,1.009,8.078,0.285,1.835,91.35,0.099,-0.16,18.6,SAFE,0
2026-01-14 12:30:00,NODE-04,0.452,4.159,0.246,1.685,91.79,-3.92,-0.558,15.4,SAFE,0
2026-01-14 12:45:00,NODE-04,0.945,4.413,0.349,2.304,91.34,0.254,0.494,23.6,SAFE,0
2026-01-14 13:00:00,NODE-01,1.545,11.037,0.474,2.946,91.4,6.625,0.6,41.7,LOW,0
2026-01-14 13:15:00,NODE-05,1.027,7.053,0.187,1.591,90.55,-3.984,-0.518,17.0,SAFE,0
2026-01-14 13:30:00,NODE-01,1.626,12.419,0.395,3.11,91.78,5.366,0.599,46.9,LOW,0
2026-01-14 13:45:00,NODE-03,1.891,13.199,0.536,4.1,91.94,0.78,0.265,43.6,LOW,0
2026-01-14 14:00:00,NODE-04,1.203,6.41,0.304,1.181,92.62,-6.789,-0.688,21.0,SAFE,0
2026-01-14 14:15:00,NODE-05,1.596,9.278,0.38,2.944,91.9,2.868,0.393,43.6,LOW,0
2026-01-14 14:30:00,NODE-04,1.054,7.352,0.301,1.786,92.49,-1.926,-0.542,19.6,SAFE,0
2026-01-14 14:45:00,NODE-04,2.039,12.298,0.521,5.197,90.53,4.946,0.985,57.1,LOW,0
2026-01-14 15:00:00,NODE-02,1.879,11.527,0.49,3.809,93.13,-0.772,-0.16,39.4,SAFE,1
2026-01-14 15:15:00,NODE-05,2.823,19.521,0.707,5.16,91.13,7.995,0.943,66.1,WARNING,0
2026-01-14 15:30:00,NODE-01,1.649,11.299,0.455,3.949,88.96,-8.222,-1.174,32.5,SAFE,0
2026-01-14 15:45:00,NODE-05,0.679,3.749,0.195,0.478,90.94,-7.55,-0.97,6.2,SAFE,1
2026-01-14 16:00:00,NODE-03,2.882,20.119,0.745,6.314,92.1,16.369,2.203,71.2,WARNING,0
2026-01-14 16:15:00,NODE-05,1.71,13.729,0.456,3.981,91.5,-6.39,-1.171,37.4,SAFE,0
2026-01-14 16:30:00,NODE-03,1.28,11.273,0.407,3.9,89.07,-2.456,-0.43,26.4,SAFE,0
2026-01-14 16:45:00,NODE-04,0.731,5.228,0.375,1.941,91.66,-6.045,-0.549,19.0,SAFE,0
2026-01-14 17:00:00,NODE-03,0.499,5.586,0.107,1.037,91.55,0.358,-0.233,11.7,SAFE,0
2026-01-14 17:15:00,NODE-04,0.928,10.217,0.257,2.275,90.22,4.63,0.43,36.1,SAFE,0
2026-01-14 17:30:00,NODE-01,0.216,1.42,0.191,1.244,92.06,-8.797,-0.712,4.9,SAFE,0
2026-01-14 17:45:00,NODE-01,1.551,12.33,0.293,3.36,91.22,10.911,1.335,46.0,LOW,0
2026-01-14 18:00:00,NODE-02,0.925,5.371,0.125,1.497,89.04,-6.959,-0.626,19.0,SAFE,0
2026-01-14 18:15:00,NODE-01,0.959,8.607,0.377,2.31,92.21,3.237,0.034,32.5,SAFE,0
2026-01-14 18:30:00,NODE-05,0.99,8.2,0.387,2.736,91.58,-0.407,0.031,18.8,SAFE,0
2026-01-14 18:45:00,NODE-01,1.386,6.853,0.245,2.64,93.19,-1.347,0.396,28.5,SAFE,0
2026-01-14 19:00:00,NODE-05,1.345,6.89,0.207,2.225,90.33,0.037,-0.041,22.5,SAFE,0
2026-01-14 19:15:00,NODE-02,1.105,7.254,0.233,1.945,91.08,0.363,-0.241,21.3,SAFE,0
2026-01-14 19:30:00,NODE-01,1.948,9.493,0.418,3.326,92.64,2.239,0.843,45.5,LOW,0
2026-01-14 19:45:00,NODE-04,0.389,4.154,0.285,1.308,90.26,-5.339,-1.559,12.8,SAFE,0
2026-01-14 20:00:00,NODE-04,1.706,8.958,0.417,3.336,92.59,4.804,1.317,49.1,LOW,0
2026-01-14 20:15:00,NODE-03,0.07,1.83,0.174,0.413,92.62,-7.128,-1.636,7.1,SAFE,1
2026-01-14 20:30:00,NODE-03,4.884,33.694,1.273,10.864,91.72,31.864,4.815,88.9,CRITICAL,0
2026-01-14 20:45:00,NODE-04,1.525,10.899,0.488,3.175,91.14,-22.795,-3.359,35.3,SAFE,0
2026-01-14 21:00:00,NODE-02,0.472,2.281,0.192,1.653,90.56,-8.617,-1.053,15.4,SAFE,0
2026-01-14 21:15:00,NODE-05,0.998,3.759,0.257,1.659,90.47,1.477,0.527,26.4,SAFE,0
2026-01-14 21:30:00,NODE-05,1.779,10.354,0.424,3.286,91.7,6.596,0.781,47.7,LOW,0
2026-01-14 21:45:00,NODE-04,1.922,12.385,0.493,3.371,87.87,2.031,0.143,41.0,LOW,0
2026-01-14 22:00:00,NODE-01,1.195,5.192,0.303,1.765,90.66,-7.194,-0.727,20.3,SAFE,0
2026-01-14 22:15:00,NODE-04,0.595,4.381,0.299,0.989,90.49,-0.811,-0.6,14.1,SAFE,0
2026-01-14 22:30:00,NODE-01,0.78,5.172,0.21,1.655,90.13,0.791,0.185,19.2,SAFE,0
2026-01-14 22:45:00,NODE-01,1.199,9.953,0.409,2.719,91.54,4.781,0.419,41.8,LOW,0
2026-01-14 23:00:00,NODE-02,1.274,6.679,0.385,2.699,89.55,-3.274,0.075,24.5,SAFE,0
2026-01-14 23:15:00,NODE-03,1.103,6.271,0.321,2.124,92.75,-0.409,-0.171,21.8,SAFE,0
2026-01-14 23:30:00,NODE-05,0.468,4.458,0.318,1.635,92.4,-1.813,-0.635,17.1,SAFE,0
2026-01-14 23:45:00,NODE-04,0.729,2.443,0.223,1.632,92.93,-2.015,0.261,11.0,SAFE,0
2026-01-15 00:00:00,NODE-04,1.412,8.36,0.358,3.007,90.66,5.917,0.683,38.9,SAFE,0
2026-01-15 00:15:00,NODE-03,1.183,7.699,0.387,1.564,91.54,-0.661,-0.229,19.3,SAFE,0
2026-01-15 00:30:00,NODE-02,1.197,7.039,0.312,2.501,92.28,-0.66,0.014,27.4,SAFE,0
2026-01-15 00:45:00,NODE-02,0.209,1.301,0.15,0.029,91.13,-5.738,-0.987,5.7,SAFE,0
2026-01-15 01:00:00,NODE-05,0.9,4.827,0.247,2.074,90.6,3.526,0.691,33.8,SAFE,0
2026-01-15 01:15:00,NODE-01,2.181,12.064,0.598,4.342,91.42,7.237,1.281,57.7,LOW,0
2026-01-15 01:30:00,NODE-05,2.023,11.391,0.485,3.757,91.03,-0.673,-0.158,33.1,SAFE,0
2026-01-15 01:45:00,NODE-03,1.606,10.985,0.42,3.472,89.99,-0.406,-0.417,26.8,SAFE,0
2026-01-15 02:00:00,NODE-03,1.912,13.861,0.313,3.199,88.41,2.876,0.306,45.8,LOW,1
2026-01-15 02:15:00,NODE-04,4.065,28.5,0.988,9.171,90.16,14.639,2.152,92.1,CRITICAL,0
2026-01-15 02:30:00,NODE-03,1.732,14.458,0.567,3.902,88.43,-14.042,-2.333,38.3,SAFE,1
2026-01-15 02:45:00,NODE-05,3.708,22.543,0.876,7.029,90.21,8.085,1.976,78.9,WARNING,1
2026-01-15 03:00:00,NODE-05,4.466,32.797,1.105,10.25,92.96,10.254,0.758,87.7,CRITICAL,0
2026-01-15 03:15:00,NODE-03,0.864,4.836,0.341,1.735,89.03,-27.961,-3.602,14.2,SAFE,0
2026-01-15 03:30:00,NODE-02,1.657,9.876,0.436,3.503,91.79,5.04,0.793,44.8,LOW,0
2026-01-15 03:45:00,NODE-03,1.71,11.861,0.536,3.343,92.71,1.985,0.052,38.4,SAFE,0
2026-01-15 04:00:00,NODE-05,1.167,7.346,0.368,2.714,89.35,-4.515,-0.542,24.2,SAFE,0
2026-01-15 04:15:00,NODE-01,0.0,0.304,0.141,0.462,93.39,-7.042,-1.167,1.8,SAFE,1
2026-01-15 04:30:00,NODE-04,2.447,17.781,0.771,4.899,91.14,17.477,2.447,66.9,WARNING,0
2026-01-15 04:45:00,NODE-04,1.696,10.215,0.415,3.033,92.86,-7.566,-0.75,28.0,SAFE,0
2026-01-15 05:00:00,NODE-04,1.238,6.614,0.28,2.726,91.55,-3.601,-0.458,23.0,SAFE,0
2026-01-15 05:15:00,NODE-01,1.57,8.713,0.494,2.825,90.67,2.099,0.332,38.0,SAFE,0
2026-01-15 05:30:00,NODE-04,0.677,5.383,0.198,1.349,87.73,-3.331,-0.894,15.2,SAFE,0
2026-01-15 05:45:00,NODE-05,0.863,6.362,0.313,1.101,89.88,0.98,0.187,22.7,SAFE,0
2026-01-15 06:00:00,NODE-01,1.839,10.978,0.569,4.489,92.03,4.616,0.976,53.9,LOW,1
2026-01-15 06:15:00,NODE-02,2.34,16.474,0.727,5.002,93.05,5.496,0.501,63.9,WARNING,0
2026-01-15 06:30:00,NODE-05,0.993,4.256,0.181,1.81,89.52,-12.219,-1.347,16.8,SAFE,0
2026-01-15 06:45:00,NODE-01,1.319,8.689,0.356,2.955,91.13,4.434,0.326,39.4,SAFE,0
2026-01-15 07:00:00,NODE-05,1.2,7.259,0.324,2.551,90.66,-1.43,-0.119,21.3,SAFE,0
2026-01-15 07:15:00,NODE-03,1.893,13.092,0.464,3.994,91.7,5.833,0.693,54.2,LOW,0
2026-01-15 07:30:00,NODE-02,1.215,7.597,0.188,2.422,91.3,-5.495,-0.678,19.6,SAFE,0
2026-01-15 07:45:00,NODE-05,1.537,12.735,0.461,3.522,90.74,5.137,0.322,45.6,LOW,0
2026-01-15 08:00:00,NODE-03,1.798,13.203,0.544,3.294,91.95,0.468,0.261,37.3,SAFE,0
2026-01-15 08:15:00,NODE-03,0.72,7.316,0.245,2.449,90.35,-5.887,-1.078,17.4,SAFE,0
2026-01-15 08:30:00,NODE-02,1.547,10.363,0.373,3.229,91.19,3.047,0.827,44.1,LOW,0
2026-01-15 08:45:00,NODE-03,0.842,2.785,0.213,2.336,92.1,-7.579,-0.706,14.4,SAFE,0
2026-01-15 09:00:00,NODE-01,1.955,11.828,0.575,4.031,90.3,9.043,1.113,50.6,LOW,0
2026-01-15 09:15:00,NODE-02,0.85,2.195,0.107,0.856,90.74,-9.633,-1.105,9.5,SAFE,0
2026-01-15 09:30:00,NODE-05,2.021,13.363,0.663,4.457,90.49,11.168,1.17,57.0,LOW,0
2026-01-15 09:45:00,NODE-02,2.018,12.325,0.454,4.544,91.7,-1.038,-0.002,36.9,SAFE,0
2026-01-15 10:00:00,NODE-04,1.46,8.873,0.375,3.302,91.58,-3.452,-0.558,33.9,SAFE,0
2026-01-15 10:15:00,NODE-02,1.047,8.131,0.421,2.451,90.53,-0.743,-0.414,24.9,SAFE,0
2026-01-15 10:30:00,NODE-04,0.853,6.632,0.31,1.318,91.56,-1.498,-0.193,17.8,SAFE,0
2026-01-15 10:45:00,NODE-01,1.864,12.582,0.528,3.52,87.77,5.949,1.01,49.4,LOW,0
2026-01-15 11:00:00,NODE-05,0.42,1.528,0.109,0.257,92.14,-11.053,-1.443,5.7,SAFE,0
2026-01-15 11:15:00,NODE-03,0.97,6.068,0.237,2.575,92.21,4.54,0.55,34.2,SAFE,0
2026-01-15 11:30:00,NODE-02,1.4,8.613,0.357,2.789,90.53,2.545,0.43,37.7,SAFE,0
2026-01-15 11:45:00,NODE-01,0.738,5.213,0.255,1.822,90.29,-3.401,-0.662,19.7,SAFE,0
2026-01-15 12:00:00,NODE-01,0.912,4.042,0.29,2.1,91.06,-1.171,0.174,13.9,SAFE,0
2026-01-15 12:15:00,NODE-03,1.196,8.144,0.269,2.354,90.03,4.102,0.285,33.7,SAFE,0
2026-01-15 12:30:00,NODE-02,1.18,7.671,0.229,2.262,90.22,-0.473,-0.016,23.2,SAFE,0
2026-01-15 12:45:00,NODE-05,0.541,2.822,0.235,0.873,91.49,-4.849,-0.639,8.0,SAFE,0
2026-01-15 13:00:00,NODE-03,1.229,8.118,0.294,1.991,92.08,5.296,0.688,33.2,SAFE,0
2026-01-15 13:15:00,NODE-02,1.638,8.858,0.448,3.012,91.49,0.74,0.409,33.2,SAFE,0
2026-01-15 13:30:00,NODE-03,1.836,11.91,0.428,3.637,94.57,3.052,0.198,48.4,LOW,0
2026-01-15 13:45:00,NODE-04,2.169,15.902,0.553,3.808,92.6,3.992,0.333,52.0,LOW,0
2026-01-15 14:00:00,NODE-01,1.587,8.866,0.542,3.476,91.98,-7.035,-0.582,30.3,SAFE,0
2026-01-15 14:15:00,NODE-01,0.433,0.171,0.064,0.653,91.94,-8.695,-1.154,5.6,SAFE,1
2026-01-15 14:30:00,NODE-01,3.253,18.494,0.693,5.969,91.2,18.322,2.821,69.9,WARNING,0
2026-01-15 14:45:00,NODE-04,1.724,11.114,0.369,3.173,91.7,-7.38,-1.529,30.1,SAFE,0
2026-01-15 15:00:00,NODE-04,0.76,7.997,0.389,2.227,91.32,-3.117,-0.963,20.0,SAFE,1
2026-01-15 15:15:00,NODE-03,4.615,36.546,1.229,10.936,92.34,28.55,3.854,88.6,CRITICAL,0
2026-01-15 15:30:00,NODE-05,1.363,10.413,0.434,2.982,90.74,-26.133,-3.252,26.3,SAFE,0
2026-01-15 15:45:00,NODE-04,0.831,5.584,0.058,1.184,90.68,-4.829,-0.532,12.3,SAFE,0
2026-01-15 16:00:00,NODE-03,0.828,4.641,0.224,1.455,92.49,-0.943,-0.003,17.4,SAFE,0
2026-01-15 16:15:00,NODE-05,0.879,8.129,0.287,2.242,90.52,3.489,0.051,35.5,SAFE,1
2026-01-15 16:30:00,NODE-01,3.111,20.908,0.841,6.951,89.93,12.779,2.232,80.5,CRITICAL,0
2026-01-15 16:45:00,NODE-01,2.025,11.374,0.52,3.791,90.16,-9.534,-1.086,36.5,SAFE,0
2026-01-15 17:00:00,NODE-02,0.802,6.396,0.185,1.925,91.96,-4.978,-1.223,21.2,SAFE,0
2026-01-15 17:15:00,NODE-01,0.392,3.287,0.215,0.584,94.26,-3.109,-0.41,14.8,SAFE,0
2026-01-15 17:30:00,NODE-03,0.621,3.072,0.299,0.869,89.99,-0.215,0.229,13.7,SAFE,0
2026-01-15 17:45:00,NODE-05,1.389,10.642,0.487,4.195,91.82,7.569,0.768,45.7,LOW,0
2026-01-15 18:00:00,NODE-01,1.143,8.284,0.33,1.506,91.23,-2.358,-0.246,24.4,SAFE,0
2026-01-15 18:15:00,NODE-01,2.025,13.542,0.487,3.331,92.39,5.258,0.883,48.8,LOW,0
2026-01-15 18:30:00,NODE-03,0.684,4.453,0.236,0.721,91.8,-9.089,-1.341,9.9,SAFE,0
2026-01-15 18:45:00,NODE-05,1.583,9.125,0.289,3.243,92.46,4.672,0.899,37.6,SAFE,0
2026-01-15 19:00:00,NODE-02,1.693,13.664,0.528,4.864,91.38,4.538,0.11,52.4,LOW,0
2026-01-15 19:15:00,NODE-03,0.678,3.783,0.181,1.447,90.02,-9.881,-1.015,6.8,SAFE,0
2026-01-15 19:30:00,NODE-01,0.695,3.963,0.234,1.798,90.21,0.18,0.017,17.6,SAFE,0
2026-01-15 19:45:00,NODE-01,1.228,4.128,0.45,2.444,91.27,0.165,0.533,30.0,SAFE,1
2026-01-15 20:00:00,NODE-05,4.599,36.868,1.249,10.03,91.58,32.74,3.371,94.3,CRITICAL,0
2026-01-15 20:15:00,NODE-05,1.37,6.517,0.292,2.829,90.55,-30.35,-3.229,20.1,SAFE,0
2026-01-15 20:30:00,NODE-01,0.664,4.018,0.094,1.344,93.43,-2.499,-0.705,6.8,SAFE,0
2026-01-15 20:45:00,NODE-05,0.79,3.586,0.216,1.013,92.13,-0.433,0.125,11.5,SAFE,0
2026-01-15 21:00:00,NODE-04,0.999,7.11,0.342,2.243,88.5,3.524,0.209,35.0,SAFE,0
2026-01-15 21:15:00,NODE-05,1.107,6.903,0.287,1.935,90.85,-0.207,0.108,23.9,SAFE,0
2026-01-15 21:30:00,NODE-03,2.132,12.631,0.537,4.282,89.76,5.728,1.025,56.0,LOW,1
2026-01-15 21:45:00,NODE-03,2.596,17.759,0.65,4.888,93.28,5.129,0.464,64.1,WARNING,0
2026-01-15 22:00:00,NODE-03,2.23,15.149,0.607,4.708,88.32,-2.611,-0.366,50.1,LOW,0
2026-01-15 22:15:00,NODE-04,0.647,4.915,0.249,1.124,91.49,-10.233,-1.583,12.4,SAFE,0
2026-01-15 22:30:00,NODE-01,2.296,16.069,0.591,4.792,91.13,11.154,1.649,58.5,LOW,0
2026-01-15 22:45:00,NODE-01,1.325,8.9,0.329,2.46,91.95,-7.169,-0.971,22.0,SAFE,0
2026-01-15 23:00:00,NODE-02,0.835,5.459,0.243,1.474,91.36,-3.442,-0.49,16.9,SAFE,0
2026-01-15 23:15:00,NODE-04,1.277,10.347,0.334,2.462,93.45,4.888,0.442,39.0,SAFE,0
2026-01-15 23:30:00,NODE-01,1.307,8.406,0.383,2.559,92.07,-1.941,0.03,27.6,SAFE,1
2026-01-15 23:45:00,NODE-04,2.508,16.717,0.692,5.059,88.76,8.311,1.201,62.8,WARNING,1
2026-01-16 00:00:00,NODE-05,5.179,34.304,1.21,10.887,92.65,17.587,2.671,91.6,CRITICAL,0
2026-01-16 00:15:00,NODE-01,0.293,0.49,0.12,0.504,91.2,-33.814,-4.885,3.5,SAFE,1
2026-01-16 00:30:00,NODE-04,2.413,15.747,0.601,5.154,92.64,15.257,2.12,61.3,WARNING,0
2026-01-16 00:45:00,NODE-03,0.441,1.549,0.048,0.203,90.57,-14.198,-1.972,4.5,SAFE,0
2026-01-16 01:00:00,NODE-05,1.494,9.489,0.351,3.299,89.67,7.94,1.053,39.4,SAFE,0
2026-01-16 01:15:00,NODE-01,1.763,12.755,0.446,4.474,89.44,3.266,0.269,48.8,LOW,0
2026-01-16 01:30:00,NODE-04,1.929,12.829,0.424,3.608,92.21,0.074,0.166,38.5,SAFE,0
2026-01-16 01:45:00,NODE-05,0.502,2.871,0.204,0.858,91.89,-9.958,-1.427,7.3,SAFE,0
2026-01-16 02:00:00,NODE-05,1.643,13.721,0.454,3.886,90.22,10.85,1.141,56.1,LOW,0
2026-01-16 02:15:00,NODE-04,1.726,9.978,0.422,2.661,87.72,-3.743,0.083,30.1,SAFE,0
2026-01-16 02:30:00,NODE-03,0.76,8.436,0.295,2.069,92.24,-1.542,-0.966,19.0,SAFE,0
2026-01-16 02:45:00,NODE-03,0.841,6.465,0.171,1.603,88.48,-1.971,0.08,15.2,SAFE,0
2026-01-16 03:00:00,NODE-05,1.523,8.55,0.333,2.997,93.53,2.085,0.683,42.1,LOW,0
2026-01-16 03:15:00,NODE-03,1.315,8.834,0.272,2.711,89.18,0.285,-0.209,23.7,SAFE,0
2026-01-16 03:30:00,NODE-01,0.11,1.203,0.101,0.582,90.93,-7.632,-1.205,5.1,SAFE,0
2026-01-16 03:45:00,NODE-05,1.384,11.487,0.543,3.512,91.18,10.284,1.274,50.2,LOW,0
2026-01-16 04:00:00,NODE-04,1.75,11.972,0.523,3.74,91.34,0.485,0.366,41.1,LOW,0
2026-01-16 04:15:00,NODE-04,0.486,3.847,0.292,0.762,91.29,-8.125,-1.264,10.0,SAFE,0
2026-01-16 04:30:00,NODE-01,1.929,10.457,0.41,3.426,91.05,6.61,1.443,49.7,LOW,0
2026-01-16 04:45:00,NODE-04,1.917,14.631,0.581,4.286,90.37,4.175,-0.013,51.3,LOW,1
2026-01-16 05:00:00,NODE-02,5.105,32.179,1.11,10.665,90.62,17.548,3.188,85.7,CRITICAL,0
2026-01-16 05:15:00,NODE-04,2.518,18.132,0.682,5.612,90.1,-14.048,-2.587,54.7,LOW,0
2026-01-16 05:30:00,NODE-01,0.872,5.5,0.411,1.623,91.02,-12.632,-1.646,16.9,SAFE,0
2026-01-16 05:45:00,NODE-04,0.779,6.405,0.2,1.777,88.77,0.905,-0.094,19.3,SAFE,0
2026-01-16 06:00:00,NODE-05,0.8,5.431,0.321,1.137,91.25,-0.974,0.022,16.7,SAFE,1
2026-01-16 06:15:00,NODE-01,2.864,17.676,0.653,5.415,90.75,12.244,2.063,65.6,WARNING,0
2026-01-16 06:30:00,NODE-05,1.476,8.634,0.255,2.46,91.88,-9.042,-1.387,26.4,SAFE,0
2026-01-16 06:45:00,NODE-02,1.035,7.681,0.204,2.038,90.5,-0.953,-0.441,17.1,SAFE,0
2026-01-16 07:00:00,NODE-05,0.834,5.234,0.213,1.527,91.58,-2.448,-0.201,13.9,SAFE,0
2026-01-16 07:15:00,NODE-04,2.212,14.497,0.497,4.575,91.52,9.263,1.377,59.9,LOW,0
2026-01-16 07:30:00,NODE-03,0.552,4.379,0.205,0.45,90.69,-10.118,-1.66,10.5,SAFE,0
2026-01-16 07:45:00,NODE-04,0.808,4.89,0.123,1.246,91.27,0.511,0.256,14.0,SAFE,0
2026-01-16 08:00:00,NODE-05,0.311,1.689,0.162,1.202,89.24,-3.201,-0.497,8.2,SAFE,0
2026-01-16 08:15:00,NODE-02,0.897,6.0,0.169,1.992,92.45,4.312,0.587,32.2,SAFE,0
2026-01-16 08:30:00,NODE-02,0.373,3.161,0.167,0.0,90.19,-2.839,-0.524,2.9,SAFE,0
2026-01-16 08:45:00,NODE-04,1.051,8.673,0.206,1.532,90.62,5.512,0.678,38.7,SAFE,0
2026-01-16 09:00:00,NODE-04,1.787,11.102,0.533,3.864,89.57,2.428,0.736,52.8,LOW,0
2026-01-16 09:15:00,NODE-04,1.013,4.534,0.13,1.56,89.91,-6.568,-0.774,14.9,SAFE,0
2026-01-16 09:30:00,NODE-04,0.935,6.437,0.238,0.798,92.8,1.903,-0.079,21.3,SAFE,0
2026-01-16 09:45:00,NODE-03,0.923,3.974,0.228,1.567,90.99,-2.463,-0.012,14.8,SAFE,1
2026-01-16 10:00:00,NODE-05,2.845,15.968,0.653,5.435,90.46,11.994,1.922,67.4,WARNING,0
2026-01-16 10:15:00,NODE-01,2.228,16.676,0.521,4.565,90.45,0.707,-0.616,47.9,LOW,0
2026-01-16 10:30:00,NODE-03,1.86,11.043,0.344,3.945,90.82,-5.632,-0.368,34.0,SAFE,0
2026-01-16 10:45:00,NODE-01,1.933,12.264,0.463,2.941,91.68,1.221,0.073,41.9,LOW,0
2026-01-16 11:00:00,NODE-02,0.808,2.754,0.187,0.98,91.04,-9.51,-1.125,13.9,SAFE,0
2026-01-16 11:15:00,NODE-02,1.661,9.592,0.347,3.003,91.06,6.838,0.853,41.3,LOW,1
2026-01-16 11:30:00,NODE-02,4.438,33.348,1.235,9.584,89.69,23.756,2.777,92.2,CRITICAL,0
2026-01-16 11:45:00,NODE-04,1.523,12.568,0.399,3.518,90.44,-20.781,-2.915,35.9,SAFE,0
2026-01-16 12:00:00,NODE-02,0.298,1.215,0.094,0.817,90.98,-11.353,-1.226,6.4,SAFE,0
2026-01-16 12:15:00,NODE-03,1.057,5.611,0.186,1.428,90.75,4.396,0.76,32.7,SAFE,0
2026-01-16 12:30:00,NODE-02,0.427,1.997,0.132,1.291,90.29,-3.614,-0.63,8.0,SAFE,0
2026-01-16 12:45:00,NODE-02,0.805,6.351,0.193,1.06,90.17,4.354,0.378,24.6,SAFE,0
2026-01-16 13:00:00,NODE-02,1.09,5.307,0.289,2.116,91.3,-1.045,0.285,25.7,SAFE,0
2026-01-16 13:15:00,NODE-01,1.088,8.875,0.431,2.621,91.33,3.568,-0.002,32.1,SAFE,0
2026-01-16 13:30:00,NODE-03,1.549,10.86,0.319,2.859,91.96,1.985,0.461,42.9,LOW,0
2026-01-16 13:45:00,NODE-04,2.169,12.436,0.537,4.654,91.0,1.576,0.62,49.8,LOW,0
2026-01-16 14:00:00,NODE-03,0.908,5.001,0.214,1.154,88.27,-7.435,-1.262,17.7,SAFE,0
2026-01-16 14:15:00,NODE-03,1.883,11.331,0.495,4.069,93.59,6.33,0.976,51.0,LOW,0
2026-01-16 14:30:00,NODE-02,1.392,9.098,0.41,2.805,90.75,-2.233,-0.491,29.6,SAFE,0
2026-01-16 14:45:00,NODE-05,0.428,1.166,0.128,0.807,90.26,-7.932,-0.964,7.8,SAFE,0
2026-01-16 15:00:00,NODE-03,0.832,6.768,0.277,2.139,90.68,5.602,0.403,30.4,SAFE,1
2026-01-16 15:15:00,NODE-03,2.264,16.732,0.615,4.99,90.27,9.964,1.432,62.1,WARNING,0
2026-01-16 15:30:00,NODE-01,2.038,15.15,0.432,4.68,89.76,-1.582,-0.225,40.8,LOW,0
2026-01-16 15:45:00,NODE-02,1.114,5.158,0.149,2.519,91.48,-9.992,-0.924,19.9,SAFE,0
2026-01-16 16:00:00,NODE-02,1.082,9.796,0.477,2.164,90.56,4.639,-0.032,36.2,SAFE,0
2026-01-16 16:15:00,NODE-02,1.687,8.237,0.398,3.783,90.63,-1.559,0.605,35.1,SAFE,0
2026-01-16 16:30:00,NODE-03,1.678,11.488,0.418,3.952,87.73,3.251,-0.009,41.4,LOW,0
2026-01-16 16:45:00,NODE-03,1.179,7.154,0.39,2.596,90.45,-4.334,-0.499,20.4,SAFE,0
2026-01-16 17:00:00,NODE-03,0.674,6.125,0.276,2.241,89.43,-1.03,-0.505,18.2,SAFE,0
2026-01-16 17:15:00,NODE-04,2.018,12.931,0.564,4.142,90.09,6.806,1.345,54.6,LOW,0
2026-01-16 17:30:00,NODE-05,1.015,4.118,0.3,1.288,91.0,-8.813,-1.004,12.9,SAFE,0
2026-01-16 17:45:00,NODE-04,1.653,11.057,0.38,3.435,89.98,6.939,0.638,47.6,LOW,0
2026-01-16 18:00:00,NODE-05,0.532,2.543,0.257,0.567,90.14,-8.514,-1.12,11.0,SAFE,0
2026-01-16 18:15:00,NODE-01,1.853,11.595,0.483,3.535,90.82,9.052,1.32,50.0,LOW,0
2026-01-16 18:30:00,NODE-01,0.707,4.432,0.196,0.947,90.09,-7.163,-1.146,12.4,SAFE,0
2026-01-16 18:45:00,NODE-01,1.827,14.435,0.497,3.794,89.43,10.004,1.12,49.9,LOW,0
2026-01-16 19:00:00,NODE-04,2.159,13.995,0.409,4.858,88.63,-0.44,0.332,39.9,SAFE,0
2026-01-16 19:15:00,NODE-05,1.266,8.082,0.312,2.375,91.09,-5.913,-0.893,24.4,SAFE,0
2026-01-16 19:30:00,NODE-02,1.731,12.216,0.37,3.235,90.07,4.134,0.465,43.8,LOW,0
2026-01-16 19:45:00,NODE-05,1.732,12.534,0.439,3.963,88.68,0.319,0.001,34.7,SAFE,0
2026-01-16 20:00:00,NODE-01,2.451,13.417,0.519,3.781,92.17,0.882,0.719,48.8,LOW,0
2026-01-16 20:15:00,NODE-05,0.792,7.035,0.271,1.685,91.08,-6.382,-1.66,23.2,SAFE,0
2026-01-16 20:30:00,NODE-02,1.099,6.079,0.293,1.887,89.25,-0.956,0.308,20.5,SAFE,1
2026-01-16 20:45:00,NODE-01,2.212,16.337,0.633,4.988,89.82,10.259,1.113,66.5,WARNING,0
2026-01-16 21:00:00,NODE-03,1.173,6.061,0.306,2.392,91.92,-10.276,-1.039,20.8,SAFE,0
2026-01-16 21:15:00,NODE-02,1.604,9.689,0.435,3.226,90.45,3.628,0.43,44.7,LOW,0
2026-01-16 21:30:00,NODE-02,0.527,7.736,0.236,1.226,90.16,-1.952,-1.077,18.4,SAFE,0
2026-01-16 21:45:00,NODE-02,1.844,14.201,0.582,4.209,91.56,6.464,1.316,57.6,LOW,0
2026-01-16 22:00:00,NODE-04,0.823,6.158,0.314,1.697,90.45,-8.042,-1.02,18.7,SAFE,0
2026-01-16 22:15:00,NODE-03,0.178,4.001,0.151,0.727,92.12,-2.157,-0.645,7.9,SAFE,1
2026-01-16 22:30:00,NODE-02,2.903,17.89,0.687,5.775,90.15,13.889,2.725,70.7,WARNING,0
2026-01-16 22:45:00,NODE-03,1.023,6.283,0.309,2.257,89.96,-11.607,-1.88,21.3,SAFE,0
2026-01-16 23:00:00,NODE-04,1.538,11.245,0.366,2.633,90.66,4.963,0.515,41.7,LOW,0
2026-01-16 23:15:00,NODE-02,0.173,2.035,0.141,0.189,91.79,-9.21,-1.364,8.5,SAFE,0
2026-01-16 23:30:00,NODE-02,0.956,5.843,0.234,2.152,90.93,3.808,0.783,34.5,SAFE,0
2026-01-16 23:45:00,NODE-01,0.324,4.273,0.12,0.698,90.75,-1.57,-0.632,7.1,SAFE,0
2026-01-17 00:00:00,NODE-01,0.838,9.059,0.338,2.205,89.66,4.786,0.513,33.9,SAFE,0
2026-01-17 00:15:00,NODE-04,1.852,10.244,0.411,3.921,89.48,1.185,1.014,47.2,LOW,0
2026-01-17 00:30:00,NODE-01,1.215,7.703,0.291,2.592,91.78,-2.541,-0.637,21.9,SAFE,0
2026-01-17 00:45:00,NODE-03,1.642,12.473,0.449,3.034,91.9,4.77,0.427,47.8,LOW,0
2026-01-17 01:00:00,NODE-04,0.888,6.632,0.34,2.321,91.86,-5.841,-0.755,21.5,SAFE,0
2026-01-17 01:15:00,NODE-01,1.658,10.63,0.368,3.655,91.56,3.997,0.77,48.4,LOW,0
2026-01-17 01:30:00,NODE-03,2.092,13.528,0.537,4.605,91.14,2.899,0.434,58.4,LOW,0
2026-01-17 01:45:00,NODE-02,0.571,3.103,0.262,0.727,91.12,-10.426,-1.521,13.1,SAFE,0
2026-01-17 02:00:00,NODE-05,1.156,5.11,0.334,2.268,90.76,2.008,0.585,33.0,SAFE,0
2026-01-17 02:15:00,NODE-03,1.092,2.207,0.248,1.511,91.27,-2.904,-0.064,13.4,SAFE,0
2026-01-17 02:30:00,NODE-04,1.373,8.058,0.405,1.875,90.54,5.851,0.281,34.1,SAFE,0
2026-01-17 02:45:00,NODE-03,0.698,5.646,0.339,1.501,91.26,-2.412,-0.675,22.7,SAFE,0
2026-01-17 03:00:00,NODE-01,1.407,8.391,0.411,2.42,91.68,2.745,0.709,39.8,SAFE,0
2026-01-17 03:15:00,NODE-04,1.005,4.548,0.138,1.303,89.07,-3.842,-0.402,13.7,SAFE,0
2026-01-17 03:30:00,NODE-05,1.262,7.678,0.367,2.653,91.89,3.13,0.257,36.9,SAFE,0
2026-01-17 03:45:00,NODE-03,1.359,9.455,0.399,2.272,90.5,1.777,0.098,33.1,SAFE,0
2026-01-17 04:00:00,NODE-05,0.756,2.877,0.064,1.21,92.32,-6.578,-0.604,14.0,SAFE,0
2026-01-17 04:15:00,NODE-05,0.795,6.562,0.318,1.362,92.09,3.685,0.04,29.0,SAFE,0
2026-01-17 04:30:00,NODE-02,1.422,9.789,0.429,3.127,89.32,3.226,0.626,40.3,LOW,0
2026-01-17 04:45:00,NODE-01,0.856,4.153,0.327,2.259,90.56,-5.636,-0.565,15.9,SAFE,0
2026-01-17 05:00:00,NODE-03,1.217,10.577,0.382,2.719,88.31,6.424,0.36,40.0,LOW,0
2026-01-17 05:15:00,NODE-02,1.196,9.761,0.347,2.333,90.09,-0.816,-0.021,27.7,SAFE,0
2026-01-17 05:30:00,NODE-05,0.385,3.239,0.158,0.749,90.97,-6.522,-0.811,4.9,SAFE,0
2026-01-17 05:45:00,NODE-05,0.668,0.045,0.191,0.396,91.56,-3.194,0.283,9.6,SAFE,0
2026-01-17 06:00:00,NODE-02,0.651,2.901,0.205,1.521,90.62,2.856,-0.017,23.4,SAFE,0
2026-01-17 06:15:00,NODE-02,0.758,3.843,0.129,1.097,91.07,0.942,0.107,17.7,SAFE,1
2026-01-17 06:30:00,NODE-04,2.948,21.016,0.756,6.381,89.69,17.172,2.191,74.1,WARNING,0
2026-01-17 06:45:00,NODE-02,1.762,7.665,0.4,3.448,90.51,-13.351,-1.186,31.6,SAFE,0
2026-01-17 07:00:00,NODE-05,1.194,5.196,0.365,2.4,89.82,-2.469,-0.568,18.9,SAFE,0
2026-01-17 07:15:00,NODE-03,1.138,5.99,0.327,2.831,90.86,0.794,-0.056,27.1,SAFE,0
2026-01-17 07:30:00,NODE-04,0.578,5.755,0.221,1.645,92.19,-0.235,-0.56,15.0,SAFE,0
2026-01-17 07:45:00,NODE-01,1.928,9.27,0.4,4.343,90.45,3.515,1.35,48.7,LOW,0
2026-01-17 08:00:00,NODE-04,1.107,5.739,0.272,1.772,88.87,-3.531,-0.821,18.5,SAFE,0
2026-01-17 08:15:00,NODE-03,1.04,6.675,0.264,2.683,90.74,0.936,-0.068,26.0,SAFE,0
2026-01-17 08:30:00,NODE-03,1.589,9.399,0.469,3.63,91.35,2.724,0.549,41.5,LOW,0
2026-01-17 08:45:00,NODE-01,0.952,7.073,0.291,1.883,89.4,-2.326,-0.637,21.8,SAFE,0
2026-01-17 09:00:00,NODE-04,0.207,1.255,0.252,0.625,91.99,-5.818,-0.745,8.9,SAFE,0
2026-01-17 09:15:00,NODE-05,2.287,16.29,0.572,4.414,89.78,15.036,2.08,58.7,LOW,0
2026-01-17 09:30:00,NODE-01,1.51,5.857,0.421,1.768,89.58,-10.434,-0.777,22.1,SAFE,0
2026-01-17 09:45:00,NODE-01,1.824,8.995,0.494,3.173,88.35,3.139,0.314,41.2,LOW,0
2026-01-17 10:00:00,NODE-01,1.368,9.567,0.379,3.562,90.81,0.571,-0.456,28.2,SAFE,0
2026-01-17 10:15:00,NODE-04,1.666,11.116,0.415,3.52,92.66,1.55,0.298,40.2,LOW,0
2026-01-17 10:30:00,NODE-03,0.981,4.125,0.303,0.89,90.92,-6.992,-0.685,14.9,SAFE,1
2026-01-17 10:45:00,NODE-03,2.674,19.66,0.675,6.319,89.59,15.535,1.694,69.7,WARNING,0
2026-01-17 11:00:00,NODE-02,2.268,18.933,0.637,4.763,91.09,-0.727,-0.407,45.6,LOW,0
2026-01-17 11:15:00,NODE-02,1.343,9.176,0.405,3.572,91.43,-9.757,-0.925,30.1,SAFE,0
2026-01-17 11:30:00,NODE-03,0.0,0.0,0.103,0.265,91.86,-9.176,-1.343,1.0,SAFE,0
2026-01-17 11:45:00,NODE-03,1.209,6.243,0.404,3.003,88.98,6.243,1.209,37.2,SAFE,0
2026-01-17 12:00:00,NODE-05,0.479,2.061,0.126,1.005,92.32,-4.182,-0.73,11.4,SAFE,0
2026-01-17 12:15:00,NODE-01,0.621,9.046,0.348,1.544,90.71,6.985,0.142,28.4,SAFE,0
2026-01-17 12:30:00,NODE-04,1.515,8.434,0.3,3.008,92.55,-0.612,0.895,32.8,SAFE,0
2026-01-17 12:45:00,NODE-02,0.53,6.007,0.213,1.52,90.63,-2.426,-0.986,11.0,SAFE,0
2026-01-17 13:00:00,NODE-03,2.056,15.392,0.457,4.899,91.13,9.385,1.527,53.8,LOW,0
2026-01-17 13:15:00,NODE-04,0.337,1.42,0.225,0.629,89.3,-13.972,-1.72,8.4,SAFE,0
2026-01-17 13:30:00,NODE-04,1.498,8.163,0.525,2.726,91.62,6.744,1.161,42.2,LOW,0
2026-01-17 13:45:00,NODE-05,1.007,8.517,0.446,1.776,89.14,0.354,-0.491,21.1,SAFE,0
2026-01-17 14:00:00,NODE-01,0.53,0.433,0.236,1.391,90.75,-8.084,-0.476,11.5,SAFE,0
2026-01-17 14:15:00,NODE-01,1.953,14.034,0.476,4.283,89.91,13.6,1.422,55.2,LOW,0
2026-01-17 14:30:00,NODE-04,1.54,8.418,0.353,2.546,90.32,-5.616,-0.413,20.6,SAFE,0
2026-01-17 14:45:00,NODE-03,0.305,3.085,0.123,0.825,91.72,-5.333,-1.235,10.4,SAFE,0
2026-01-17 15:00:00,NODE-02,1.797,10.47,0.332,3.491,89.99,7.385,1.493,43.6,LOW,0
2026-01-17 15:15:00,NODE-01,0.59,5.076,0.203,1.364,91.74,-5.393,-1.207,9.3,SAFE,0
2026-01-17 15:30:00,NODE-01,2.197,15.431,0.635,4.106,89.92,10.355,1.607,56.2,LOW,0
2026-01-17 15:45:00,NODE-05,2.043,11.997,0.405,2.984,90.56,-3.435,-0.154,33.4,SAFE,0
2026-01-17 16:00:00,NODE-01,1.694,7.793,0.188,2.002,92.98,-4.203,-0.349,22.9,SAFE,0
2026-01-17 16:15:00,NODE-02,1.485,6.154,0.252,2.442,90.54,-1.639,-0.209,17.9,SAFE,0
2026-01-17 16:30:00,NODE-02,2.112,14.209,0.609,4.2,90.3,8.055,0.627,52.5,LOW,0
2026-01-17 16:45:00,NODE-02,0.991,8.403,0.156,2.148,90.56,-5.806,-1.121,18.2,SAFE,0
2026-01-17 17:00:00,NODE-01,0.437,2.036,0.091,0.062,89.99,-6.367,-0.554,3.5,SAFE,0
2026-01-17 17:15:00,NODE-03,1.34,9.863,0.327,2.375,89.18,7.826,0.904,42.7,LOW,0
2026-01-17 17:30:00,NODE-01,1.255,8.435,0.404,2.327,92.85,-1.428,-0.085,23.7,SAFE,0
2026-01-17 17:45:00,NODE-04,0.77,3.394,0.233,1.259,89.89,-5.041,-0.485,14.7,SAFE,0
2026-01-17 18:00:00,NODE-02,0.853,4.679,0.294,1.889,88.55,1.286,0.083,24.4,SAFE,0
2026-01-17 18:15:00,NODE-03,0.942,5.748,0.303,2.641,90.18,1.068,0.089,25.8,SAFE,0
2026-01-17 18:30:00,NODE-05,0.269,0.0,0.065,0.574,90.79,-5.748,-0.673,0.0,SAFE,0
2026-01-17 18:45:00,NODE-04,2.069,13.97,0.58,4.483,90.11,13.97,1.8,55.7,LOW,0
2026-01-17 19:00:00,NODE-03,1.256,6.631,0.196,2.527,90.3,-7.34,-0.813,20.5,SAFE,1
2026-01-17 19:15:00,NODE-02,2.384,17.696,0.673,5.274,90.16,11.066,1.128,64.5,WARNING,0
2026-01-17 19:30:00,NODE-02,1.921,12.773,0.576,3.741,90.86,-4.923,-0.463,32.5,SAFE,0
2026-01-17 19:45:00,NODE-04,1.241,4.319,0.447,2.362,91.33,-8.454,-0.68,19.3,SAFE,0
2026-01-17 20:00:00,NODE-05,0.634,4.372,0.148,1.702,90.11,0.053,-0.607,10.0,SAFE,0
2026-01-17 20:15:00,NODE-04,1.348,6.064,0.317,2.511,93.45,1.693,0.714,30.5,SAFE,0
2026-01-17 20:30:00,NODE-03,1.886,12.952,0.496,4.11,91.59,6.888,0.537,50.9,LOW,0
2026-01-17 20:45:00,NODE-04,0.55,2.148,0.166,1.13,90.33,-10.804,-1.336,7.6,SAFE,0
2026-01-17 21:00:00,NODE-03,0.284,3.103,0.209,0.738,88.75,0.955,-0.266,9.8,SAFE,0
2026-01-17 21:15:00,NODE-01,1.9,11.011,0.525,4.259,90.46,7.908,1.617,51.0,LOW,0
2026-01-17 21:30:00,NODE-03,1.692,10.535,0.367,2.826,91.3,-0.476,-0.209,28.4,SAFE,0
2026-01-17 21:45:00,NODE-05,1.339,8.75,0.352,2.842,91.31,-1.785,-0.353,26.6,SAFE,0
2026-01-17 22:00:00,NODE-01,0.761,5.477,0.318,1.731,88.09,-3.273,-0.578,16.0,SAFE,0
2026-01-17 22:15:00,NODE-04,2.058,10.1,0.398,3.758,90.45,4.623,1.297,44.6,LOW,0
2026-01-17 22:30:00,NODE-01,0.777,6.192,0.185,1.564,89.73,-3.908,-1.281,13.2,SAFE,0
2026-01-17 22:45:00,NODE-03,0.738,2.601,0.221,0.453,92.1,-3.592,-0.038,8.9,SAFE,0
2026-01-17 23:00:00,NODE-01,0.691,3.703,0.114,1.258,90.45,1.102,-0.047,13.9,SAFE,0
2026-01-17 23:15:00,NODE-03,0.487,3.187,0.0,1.579,87.56,-0.516,-0.204,5.8,SAFE,0
2026-01-17 23:30:00,NODE-04,1.035,10.474,0.351,1.629,90.74,7.287,0.547,39.0,SAFE,1
2026-01-17 23:45:00,NODE-02,3.638,23.62,0.855,7.224,87.95,13.146,2.603,84.1,CRITICAL,0
2026-01-18 00:00:00,NODE-04,1.168,7.584,0.269,2.224,90.83,-16.036,-2.47,20.1,SAFE,0
2026-01-18 00:15:00,NODE-04,1.092,10.361,0.444,2.691,93.39,2.776,-0.076,36.2,SAFE,0
2026-01-18 00:30:00,NODE-05,0.733,5.062,0.191,1.376,91.91,-5.299,-0.36,11.4,SAFE,0
2026-01-18 00:45:00,NODE-02,1.447,10.119,0.327,3.893,90.59,5.057,0.714,47.4,LOW,0
2026-01-18 01:00:00,NODE-02,0.605,5.304,0.278,1.986,89.48,-4.814,-0.842,21.5,SAFE,0
2026-01-18 01:15:00,NODE-01,0.937,5.829,0.245,1.336,91.8,0.524,0.332,18.8,SAFE,1
2026-01-18 01:30:00,NODE-05,2.223,14.324,0.517,4.748,91.03,8.496,1.287,60.5,WARNING,0
2026-01-18 01:45:00,NODE-05,1.132,9.294,0.332,3.079,89.94,-5.03,-1.092,23.9,SAFE,0
2026-01-18 02:00:00,NODE-03,1.077,3.713,0.159,0.829,89.61,-5.581,-0.055,11.2,SAFE,0
2026-01-18 02:15:00,NODE-05,1.479,7.203,0.41,2.652,89.17,3.49,0.403,41.9,LOW,0
2026-01-18 02:30:00,NODE-03,1.991,16.626,0.528,4.871,90.7,9.423,0.511,57.4,LOW,1
2026-01-18 02:45:00,NODE-04,5.097,35.228,1.182,10.691,89.75,18.602,3.106,91.7,CRITICAL,0
2026-01-18 03:00:00,NODE-01,1.401,9.909,0.352,2.564,90.45,-25.319,-3.697,26.2,SAFE,0
2026-01-18 03:15:00,NODE-04,2.131,12.785,0.581,3.978,91.36,2.876,0.73,49.4,LOW,0
2026-01-18 03:30:00,NODE-01,1.515,10.703,0.442,3.053,89.71,-2.082,-0.616,36.3,SAFE,0
2026-01-18 03:45:00,NODE-05,1.188,5.099,0.328,1.979,91.01,-5.604,-0.327,18.8,SAFE,0
2026-01-18 04:00:00,NODE-04,0.683,4.532,0.224,1.317,91.7,-0.567,-0.505,14.0,SAFE,0
2026-01-18 04:15:00,NODE-04,1.347,10.123,0.445,3.394,90.7,5.59,0.664,42.9,LOW,0
2026-01-18 04:30:00,NODE-01,0.979,5.29,0.432,2.06,91.06,-4.832,-0.368,22.0,SAFE,0
2026-01-18 04:45:00,NODE-02,1.044,10.54,0.35,2.769,90.7,5.25,0.065,38.6,SAFE,0
2026-01-18 05:00:00,NODE-02,0.903,4.289,0.238,1.46,90.24,-6.251,-0.141,11.0,SAFE,0
2026-01-18 05:15:00,NODE-02,1.445,9.783,0.412,3.645,91.22,5.493,0.542,44.6,LOW,0
2026-01-18 05:30:00,NODE-01,0.15,4.7,0.23,1.458,92.14,-5.083,-1.294,14.0,SAFE,0
2026-01-18 05:45:00,NODE-05,0.503,2.894,0.169,0.565,91.23,-1.805,0.353,14.1,SAFE,1
2026-01-18 06:00:00,NODE-03,5.158,36.184,1.197,10.789,89.97,33.29,4.656,91.6,CRITICAL,0
2026-01-18 06:15:00,NODE-02,0.967,8.705,0.332,2.097,90.0,-27.479,-4.192,24.1,SAFE,0
2026-01-18 06:30:00,NODE-02,0.387,2.909,0.313,1.04,90.04,-5.796,-0.58,9.7,SAFE,0
2026-01-18 06:45:00,NODE-03,1.069,2.705,0.3,2.465,91.33,-0.205,0.682,19.1,SAFE,0
2026-01-18 07:00:00,NODE-03,0.663,8.592,0.199,1.595,89.56,5.887,-0.406,27.2,SAFE,0
2026-01-18 07:15:00,NODE-03,1.457,9.025,0.393,2.867,88.96,0.433,0.794,30.8,SAFE,0
2026-01-18 07:30:00,NODE-05,1.86,13.19,0.475,3.808,90.75,4.165,0.402,47.8,LOW,0
2026-01-18 07:45:00,NODE-03,1.129,8.74,0.33,2.374,90.21,-4.45,-0.73,21.8,SAFE,0
2026-01-18 08:00:00,NODE-05,0.432,3.917,0.2,1.354,91.95,-4.823,-0.697,9.3,SAFE,0
2026-01-18 08:15:00,NODE-05,0.231,3.811,0.17,0.79,87.46,-0.106,-0.201,10.2,SAFE,0
2026-01-18 08:30:00,NODE-01,0.82,7.923,0.34,1.661,90.42,4.112,0.589,31.5,SAFE,0
2026-01-18 08:45:00,NODE-05,1.375,10.377,0.416,3.296,89.68,2.454,0.555,46.5,LOW,0
2026-01-18 09:00:00,NODE-01,1.031,3.332,0.302,1.194,91.13,-7.045,-0.344,17.1,SAFE,0
2026-01-18 09:15:00,NODE-05,1.115,4.37,0.12,1.402,89.82,1.038,0.084,21.4,SAFE,0
2026-01-18 09:30:00,NODE-02,0.796,3.535,0.218,1.389,89.46,-0.835,-0.319,11.5,SAFE,0
2026-01-18 09:45:00,NODE-05,0.851,3.17,0.241,2.221,91.27,-0.365,0.055,16.3,SAFE,0
2026-01-18 10:00:00,NODE-05,1.039,7.566,0.349,2.424,91.68,4.396,0.188,31.2,SAFE,0
2026-01-18 10:15:00,NODE-04,0.652,8.479,0.251,2.195,90.03,0.913,-0.387,23.5,SAFE,0
2026-01-18 10:30:00,NODE-04,0.812,3.268,0.127,1.063,90.05,-5.211,0.16,7.8,SAFE,0
2026-01-18 10:45:00,NODE-02,1.845,13.783,0.461,4.21,91.66,10.515,1.033,55.8,LOW,0
2026-01-18 11:00:00,NODE-01,1.686,11.391,0.476,3.218,91.52,-2.392,-0.159,31.1,SAFE,0
2026-01-18 11:15:00,NODE-02,0.883,4.439,0.138,1.344,91.37,-6.952,-0.804,14.2,SAFE,0
2026-01-18 11:30:00,NODE-01,1.153,4.445,0.201,1.913,89.64,0.006,0.27,20.0,SAFE,0
2026-01-18 11:45:00,NODE-04,0.692,1.018,0.194,0.307,89.33,-3.427,-0.461,5.8,SAFE,0
2026-01-18 12:00:00,NODE-02,0.969,6.224,0.297,2.003,92.08,5.205,0.277,29.1,SAFE,0
2026-01-18 12:15:00,NODE-05,0.277,2.09,0.0,1.297,90.85,-4.134,-0.692,6.3,SAFE,0
2026-01-18 12:30:00,NODE-04,1.105,6.812,0.294,1.823,89.22,4.723,0.828,36.9,SAFE,0
2026-01-18 12:45:00,NODE-05,1.355,8.56,0.397,3.066,89.98,1.748,0.25,34.3,SAFE,0
2026-01-18 13:00:00,NODE-01,1.197,7.56,0.295,1.285,90.21,-1.0,-0.158,21.2,SAFE,0
2026-01-18 13:15:00,NODE-05,0.786,8.36,0.267,1.535,89.98,0.8,-0.411,23.6,SAFE,0
2026-01-18 13:30:00,NODE-05,1.687,12.018,0.47,3.795,89.75,3.657,0.901,49.3,LOW,0
2026-01-18 13:45:00,NODE-03,1.453,10.709,0.393,2.245,91.57,-1.308,-0.234,27.3,SAFE,0
2026-01-18 14:00:00,NODE-03,0.359,5.107,0.229,0.994,90.73,-5.603,-1.093,12.3,SAFE,0
2026-01-18 14:15:00,NODE-04,1.74,9.728,0.416,3.284,92.79,4.622,1.381,48.6,LOW,0
2026-01-18 14:30:00,NODE-01,1.075,5.647,0.276,2.269,91.63,-4.081,-0.666,18.6,SAFE,1
2026-01-18 14:45:00,NODE-03,2.955,14.221,0.605,4.947,90.25,8.574,1.88,65.0,WARNING,0
2026-01-18 15:00:00,NODE-02,1.418,6.295,0.308,2.147,91.78,-7.926,-1.537,22.4,SAFE,0
2026-01-18 15:15:00,NODE-01,0.523,2.875,0.219,1.013,90.5,-3.42,-0.895,8.6,SAFE,0
2026-01-18 15:30:00,NODE-02,0.996,3.96,0.324,0.866,92.97,1.085,0.473,21.4,SAFE,0
2026-01-18 15:45:00,NODE-01,0.971,5.102,0.272,1.587,89.69,1.142,-0.025,17.7,SAFE,0
2026-01-18 16:00:00,NODE-01,1.801,9.148,0.488,3.755,90.61,4.046,0.83,44.1,LOW,0
2026-01-18 16:15:00,NODE-01,0.502,6.043,0.309,1.542,89.34,-3.104,-1.299,17.4,SAFE,0
2026-01-18 16:30:00,NODE-05,0.226,3.926,0.183,0.202,89.6,-2.117,-0.276,9.6,SAFE,0
2026-01-18 16:45:00,NODE-03,0.613,4.217,0.127,1.698,89.64,0.291,0.387,16.4,SAFE,0
2026-01-18 17:00:00,NODE-05,0.254,0.464,0.082,0.189,91.53,-3.754,-0.359,3.2,SAFE,0
2026-01-18 17:15:00,NODE-03,1.282,8.671,0.451,2.563,90.3,8.207,1.028,39.8,SAFE,0
2026-01-18 17:30:00,NODE-02,0.787,3.291,0.131,1.116,87.09,-5.38,-0.495,11.6,SAFE,0
2026-01-18 17:45:00,NODE-03,1.269,7.89,0.345,2.097,90.15,4.599,0.481,41.4,LOW,0
2026-01-18 18:00:00,NODE-03,0.712,7.232,0.185,1.74,88.87,-0.657,-0.556,19.5,SAFE,0
2026-01-18 18:15:00,NODE-01,0.66,2.721,0.239,0.631,89.5,-4.511,-0.052,10.0,SAFE,0
2026-01-18 18:30:00,NODE-04,1.426,10.92,0.397,4.052,91.41,8.199,0.765,46.8,LOW,0
2026-01-18 18:45:00,NODE-01,0.625,4.282,0.248,1.547,88.41,-6.638,-0.801,13.0,SAFE,0
2026-01-18 19:00:00,NODE-03,2.017,14.345,0.497,4.399,88.55,10.063,1.392,51.9,LOW,0
2026-01-18 19:15:00,NODE-04,0.871,7.49,0.318,1.666,88.03,-6.855,-1.146,18.2,SAFE,0
2026-01-18 19:30:00,NODE-01,0.707,5.52,0.251,1.873,89.55,-1.97,-0.165,18.1,SAFE,0
2026-01-18 19:45:00,NODE-01,2.058,11.482,0.549,3.681,87.98,5.962,1.351,49.2,LOW,0
2026-01-18 20:00:00,NODE-04,1.099,5.564,0.318,1.48,88.08,-5.918,-0.959,17.3,SAFE,0
2026-01-18 20:15:00,NODE-03,0.489,1.174,0.194,0.664,89.73,-4.39,-0.611,4.6,SAFE,0
2026-01-18 20:30:00,NODE-01,1.282,9.755,0.46,2.969,90.38,8.581,0.793,45.4,LOW,0
2026-01-18 20:45:00,NODE-05,0.92,7.744,0.338,2.163,88.9,-2.011,-0.362,18.2,SAFE,1
2026-01-18 21:00:00,NODE-01,2.501,15.155,0.536,5.536,90.43,7.41,1.581,63.2,WARNING,0
2026-01-18 21:15:00,NODE-04,1.303,7.626,0.286,3.249,90.12,-7.529,-1.199,27.6,SAFE,0
2026-01-18 21:30:00,NODE-05,1.044,6.795,0.326,1.431,90.64,-0.83,-0.259,18.2,SAFE,0
2026-01-18 21:45:00,NODE-02,0.349,1.951,0.159,0.821,88.73,-4.844,-0.694,5.8,SAFE,0
2026-01-18 22:00:00,NODE-01,0.929,5.771,0.306,1.553,92.36,3.819,0.579,32.8,SAFE,0
2026-01-18 22:15:00,NODE-01,2.033,11.841,0.444,3.175,88.61,6.07,1.104,53.3,LOW,0
2026-01-18 22:30:00,NODE-02,1.096,5.285,0.144,1.724,89.22,-6.556,-0.937,19.6,SAFE,0
2026-01-18 22:45:00,NODE-01,1.143,7.604,0.321,2.702,90.59,2.319,0.047,31.2,SAFE,0
2026-01-18 23:00:00,NODE-04,1.173,9.797,0.329,2.942,90.11,2.193,0.03,31.7,SAFE,0
2026-01-18 23:15:00,NODE-01,0.91,8.325,0.309,2.788,90.98,-1.471,-0.263,22.5,SAFE,0
2026-01-18 23:30:00,NODE-03,0.782,5.537,0.315,1.708,89.59,-2.788,-0.127,12.9,SAFE,0
2026-01-18 23:45:00,NODE-05,1.363,7.898,0.433,2.564,88.48,2.361,0.58,36.3,SAFE,1
2026-01-19 00:00:00,NODE-05,3.383,25.007,0.947,7.745,88.12,17.109,2.021,87.1,CRITICAL,0
2026-01-19 00:15:00,NODE-03,1.129,7.46,0.238,2.342,92.08,-17.547,-2.254,20.3,SAFE,0
2026-01-19 00:30:00,NODE-02,0.852,0.751,0.196,0.593,89.58,-6.709,-0.277,6.9,SAFE,0
2026-01-19 00:45:00,NODE-04,2.247,15.116,0.552,4.801,89.74,14.365,1.395,58.7,LOW,0
2026-01-19 01:00:00,NODE-03,0.726,4.707,0.108,1.643,92.1,-10.409,-1.521,12.7,SAFE,0
2026-01-19 01:15:00,NODE-03,1.831,12.366,0.455,3.663,89.34,7.659,1.106,52.1,LOW,0
2026-01-19 01:30:00,NODE-01,1.362,9.955,0.471,2.81,89.96,-2.411,-0.469,25.4,SAFE,0
2026-01-19 01:45:00,NODE-05,1.827,13.693,0.49,4.075,88.69,3.738,0.465,52.6,LOW,0
2026-01-19 02:00:00,NODE-03,0.402,2.785,0.217,1.129,88.35,-10.909,-1.426,9.9,SAFE,0
2026-01-19 02:15:00,NODE-01,0.824,5.766,0.251,1.809,92.19,2.981,0.422,31.0,SAFE,0
2026-01-19 02:30:00,NODE-02,1.404,9.179,0.383,2.121,92.2,3.413,0.581,36.1,SAFE,0
2026-01-19 02:45:00,NODE-02,0.842,7.011,0.253,2.579,91.14,-2.168,-0.563,22.5,SAFE,0
2026-01-19 03:00:00,NODE-05,1.972,12.769,0.56,3.763,91.1,5.757,1.13,54.1,LOW,0
2026-01-19 03:15:00,NODE-04,0.907,6.184,0.22,1.926,90.81,-6.584,-1.064,21.9,SAFE,0
2026-01-19 03:30:00,NODE-04,1.087,6.003,0.273,2.283,89.02,-0.181,0.18,19.1,SAFE,0
2026-01-19 03:45:00,NODE-01,1.335,7.25,0.417,2.79,90.25,1.247,0.247,29.7,SAFE,0
2026-01-19 04:00:00,NODE-02,0.728,7.139,0.225,1.813,89.29,-0.111,-0.607,13.2,SAFE,0
2026-01-19 04:15:00,NODE-03,0.894,7.19,0.305,2.29,86.78,0.051,0.166,19.9,SAFE,0
2026-01-19 04:30:00,NODE-01,0.767,4.027,0.163,0.83,91.23,-3.163,-0.127,15.1,SAFE,0
2026-01-19 04:45:00,NODE-02,0.012,2.021,0.197,0.095,90.55,-2.007,-0.755,5.4,SAFE,0
2026-01-19 05:00:00,NODE-04,0.747,6.233,0.3,1.284,88.3,4.213,0.735,29.6,SAFE,0
2026-01-19 05:15:00,NODE-01,1.557,7.586,0.351,2.495,89.45,1.352,0.809,34.9,SAFE,0
2026-01-19 05:30:00,NODE-03,1.29,7.258,0.329,1.387,91.14,-0.327,-0.266,20.3,SAFE,0
2026-01-19 05:45:00,NODE-01,1.161,5.648,0.295,1.87,90.03,-1.61,-0.129,14.3,SAFE,0
2026-01-19 06:00:00,NODE-01,0.876,4.305,0.267,1.17,87.83,-1.343,-0.285,10.1,SAFE,1
2026-01-19 06:15:00,NODE-02,2.471,17.895,0.694,5.255,88.41,13.59,1.595,68.2,WARNING,0
2026-01-19 06:30:00,NODE-05,2.085,12.006,0.669,5.205,92.09,-5.889,-0.385,44.3,LOW,0
2026-01-19 06:45:00,NODE-04,0.887,6.43,0.224,1.431,89.94,-5.576,-1.199,13.0,SAFE,0
2026-01-19 07:00:00,NODE-05,0.572,2.382,0.195,0.637,91.12,-4.048,-0.314,8.6,SAFE,1
2026-01-19 07:15:00,NODE-03,3.029,19.773,0.802,7.114,92.06,17.391,2.456,74.0,WARNING,1
2026-01-19 07:30:00,NODE-01,3.541,24.65,0.9,7.34,89.3,4.877,0.512,86.1,CRITICAL,0
2026-01-19 07:45:00,NODE-03,1.544,11.42,0.445,3.819,90.27,-13.23,-1.998,34.4,SAFE,0
2026-01-19 08:00:00,NODE-03,1.001,7.173,0.177,2.682,87.48,-4.246,-0.543,17.7,SAFE,1
2026-01-19 08:15:00,NODE-05,2.269,18.762,0.572,3.9,89.11,11.588,1.268,60.9,WARNING,0
2026-01-19 08:30:00,NODE-01,1.83,11.881,0.47,3.183,90.52,-6.88,-0.439,33.6,SAFE,0
2026-01-19 08:45:00,NODE-03,0.92,8.227,0.437,2.51,89.6,-3.654,-0.909,23.8,SAFE,0
2026-01-19 09:00:00,NODE-01,1.314,6.303,0.275,3.064,90.37,-1.924,0.394,24.7,SAFE,0
2026-01-19 09:15:00,NODE-02,0.277,2.931,0.057,0.572,90.94,-3.372,-1.037,6.4,SAFE,0
2026-01-19 09:30:00,NODE-04,1.776,11.605,0.4,4.57,90.49,8.674,1.499,48.7,LOW,0
2026-01-19 09:45:00,NODE-03,1.439,12.625,0.554,3.652,90.21,1.02,-0.338,35.3,SAFE,0
2026-01-19 10:00:00,NODE-02,0.888,4.246,0.238,1.147,90.04,-8.378,-0.55,10.8,SAFE,0
2026-01-19 10:15:00,NODE-02,0.206,0.886,0.218,1.224,89.13,-3.36,-0.682,4.9,SAFE,0
2026-01-19 10:30:00,NODE-03,0.492,4.908,0.182,0.912,88.7,4.022,0.286,24.7,SAFE,1
2026-01-19 10:45:00,NODE-04,2.577,17.87,0.601,5.594,91.43,12.962,2.086,66.8,WARNING,0
2026-01-19 11:00:00,NODE-05,1.551,10.958,0.5,2.309,90.75,-6.912,-1.026,33.4,SAFE,0
2026-01-19 11:15:00,NODE-05,1.128,6.851,0.359,1.713,88.85,-4.108,-0.423,19.9,SAFE,0
2026-01-19 11:30:00,NODE-04,1.323,12.403,0.451,3.113,89.87,5.552,0.196,44.7,LOW,0
2026-01-19 11:45:00,NODE-02,0.458,1.443,0.184,0.0,88.12,-10.96,-0.866,5.8,SAFE,0
2026-01-19 12:00:00,NODE-04,1.5,9.566,0.402,3.056,89.21,8.123,1.042,44.5,LOW,0
2026-01-19 12:15:00,NODE-03,0.983,8.272,0.33,2.391,90.42,-1.294,-0.517,24.7,SAFE,0
2026-01-19 12:30:00,NODE-02,1.393,10.255,0.521,3.024,90.09,1.982,0.41,41.3,LOW,0
2026-01-19 12:45:00,NODE-05,0.572,4.987,0.093,0.594,89.91,-5.267,-0.821,10.4,SAFE,0
2026-01-19 13:00:00,NODE-01,0.942,5.682,0.238,1.344,88.71,0.695,0.37,19.6,SAFE,0
2026-01-19 13:15:00,NODE-05,0.784,3.09,0.217,1.517,88.46,-2.592,-0.158,13.7,SAFE,0
2026-01-19 13:30:00,NODE-03,1.871,11.414,0.521,4.03,90.9,8.324,1.087,54.6,LOW,0
2026-01-19 13:45:00,NODE-04,0.0,1.163,0.034,0.554,91.79,-10.252,-1.871,3.4,SAFE,0
2026-01-19 14:00:00,NODE-04,0.305,3.326,0.193,1.229,90.42,2.163,0.305,18.5,SAFE,0
2026-01-19 14:15:00,NODE-05,0.265,2.023,0.089,1.068,89.55,-1.303,-0.04,9.0,SAFE,0
2026-01-19 14:30:00,NODE-04,0.822,3.516,0.077,0.953,91.22,1.492,0.557,16.0,SAFE,0
2026-01-19 14:45:00,NODE-03,0.509,3.088,0.148,1.741,88.73,-0.427,-0.313,10.6,SAFE,0
2026-01-19 15:00:00,NODE-01,1.01,6.375,0.368,1.643,91.01,3.287,0.501,30.6,SAFE,1
2026-01-19 15:15:00,NODE-03,4.395,29.412,1.222,10.02,89.02,23.037,3.385,89.7,CRITICAL,1
2026-01-19 15:30:00,NODE-01,4.102,28.319,1.043,9.172,89.08,-1.093,-0.293,78.1,WARNING,0
2026-01-19 15:45:00,NODE-04,0.75,6.41,0.227,1.523,89.33,-21.91,-3.352,17.9,SAFE,0
2026-01-19 16:00:00,NODE-03,0.979,7.042,0.311,2.458,89.61,0.632,0.228,20.4,SAFE,0
2026-01-19 16:15:00,NODE-04,1.046,8.792,0.402,2.83,90.82,1.75,0.067,30.2,SAFE,0
2026-01-19 16:30:00,NODE-01,0.245,0.0,0.185,0.0,88.16,-8.792,-0.801,0.0,SAFE,0
2026-01-19 16:45:00,NODE-01,1.402,9.638,0.294,2.769,88.99,9.638,1.157,44.0,LOW,0
2026-01-19 17:00:00,NODE-04,1.06,6.082,0.372,1.646,89.97,-3.556,-0.342,18.0,SAFE,0
2026-01-19 17:15:00,NODE-01,0.811,4.373,0.147,1.62,90.38,-1.709,-0.249,14.0,SAFE,0
2026-01-19 17:30:00,NODE-01,0.431,2.745,0.171,1.52,87.66,-1.628,-0.38,10.8,SAFE,0
2026-01-19 17:45:00,NODE-01,0.362,2.103,0.143,0.654,88.76,-0.642,-0.069,7.6,SAFE,0
2026-01-19 18:00:00,NODE-05,0.153,3.867,0.133,0.493,87.6,1.765,-0.209,6.0,SAFE,0
2026-01-19 18:15:00,NODE-04,1.518,9.763,0.379,2.955,88.86,5.895,1.365,44.4,LOW,0
2026-01-19 18:30:00,NODE-02,0.34,1.024,0.134,0.846,89.17,-8.739,-1.177,4.9,SAFE,0
2026-01-19 18:45:00,NODE-02,0.369,2.32,0.163,0.913,90.29,1.297,0.029,14.9,SAFE,0
2026-01-19 19:00:00,NODE-02,1.233,6.65,0.255,2.472,86.94,4.329,0.864,36.9,SAFE,0
2026-01-19 19:15:00,NODE-04,0.0,0.0,0.115,0.43,90.47,-6.65,-1.233,4.0,SAFE,0
2026-01-19 19:30:00,NODE-04,0.702,3.281,0.275,1.542,89.07,3.281,0.702,26.8,SAFE,0
2026-01-19 19:45:00,NODE-01,0.826,4.867,0.297,0.651,89.27,1.586,0.124,17.1,SAFE,0
2026-01-19 20:00:00,NODE-01,0.648,6.262,0.368,1.641,90.84,1.395,-0.178,24.6,SAFE,0
2026-01-19 20:15:00,NODE-01,0.495,3.113,0.19,0.747,91.28,-3.149,-0.153,10.9,SAFE,0
2026-01-19 20:30:00,NODE-04,0.661,5.522,0.32,1.615,88.88,2.408,0.167,26.1,SAFE,0
2026-01-19 20:45:00,NODE-04,0.952,6.957,0.331,2.442,88.87,1.435,0.29,28.7,SAFE,0
2026-01-19 21:00:00,NODE-02,2.242,11.563,0.414,3.309,89.23,4.606,1.29,50.9,LOW,0
2026-01-19 21:15:00,NODE-01,0.878,2.672,0.258,0.726,88.85,-8.891,-1.364,8.3,SAFE,0
2026-01-19 21:30:00,NODE-01,0.565,2.76,0.249,0.959,87.93,0.089,-0.313,13.7,SAFE,0
2026-01-19 21:45:00,NODE-05,0.341,2.651,0.138,0.704,89.61,-0.109,-0.224,7.2,SAFE,1
2026-01-19 22:00:00,NODE-02,4.096,33.447,1.109,9.954,88.85,30.795,3.755,89.7,CRITICAL,0
2026-01-19 22:15:00,NODE-04,1.345,9.736,0.464,2.829,89.76,-23.71,-2.751,27.4,SAFE,1
2026-01-19 22:30:00,NODE-04,4.747,34.09,1.21,10.415,91.69,24.354,3.402,83.8,CRITICAL,0
2026-01-19 22:45:00,NODE-02,1.075,7.342,0.33,2.171,89.51,-26.748,-3.671,23.0,SAFE,0
2026-01-19 23:00:00,NODE-01,1.39,9.092,0.327,2.581,88.72,1.751,0.314,31.3,SAFE,0
2026-01-19 23:15:00,NODE-01,0.713,4.463,0.152,1.281,89.3,-4.629,-0.677,13.0,SAFE,0
2026-01-19 23:30:00,NODE-03,0.272,0.0,0.001,0.374,89.78,-4.463,-0.441,0.1,SAFE,0
2026-01-19 23:45:00,NODE-04,0.6,2.518,0.311,0.761,89.42,2.518,0.328,20.7,SAFE,0
2026-01-20 00:00:00,NODE-04,1.167,8.864,0.375,2.915,88.94,6.346,0.567,39.0,SAFE,0
2026-01-20 00:15:00,NODE-03,0.537,3.222,0.231,0.83,87.62,-5.642,-0.63,8.4,SAFE,0
2026-01-20 00:30:00,NODE-01,1.61,11.57,0.337,2.691,90.37,8.348,1.073,44.0,LOW,0
2026-01-20 00:45:00,NODE-05,0.805,6.134,0.244,1.701,88.53,-5.436,-0.805,15.7,SAFE,0
2026-01-20 01:00:00,NODE-04,0.732,6.677,0.332,2.311,91.36,0.543,-0.072,18.9,SAFE,0
2026-01-20 01:15:00,NODE-02,1.664,10.713,0.48,3.491,89.16,4.036,0.932,50.6,LOW,1
2026-01-20 01:30:00,NODE-05,4.407,31.739,1.06,10.002,88.98,21.026,2.742,88.0,CRITICAL,0
2026-01-20 01:45:00,NODE-03,1.808,15.414,0.573,4.67,89.03,-16.325,-2.599,43.5,LOW,0
2026-01-20 02:00:00,NODE-03,1.185,5.016,0.191,1.379,89.77,-10.398,-0.623,17.8,SAFE,1
2026-01-20 02:15:00,NODE-04,4.093,28.526,1.038,8.977,88.54,23.51,2.908,92.3,CRITICAL,0
2026-01-20 02:30:00,NODE-05,1.535,8.187,0.245,2.03,88.77,-20.339,-2.558,21.8,SAFE,0
2026-01-20 02:45:00,NODE-04,0.662,3.736,0.1,1.546,90.32,-4.451,-0.873,11.3,SAFE,0
2026-01-20 03:00:00,NODE-01,1.18,6.365,0.351,2.517,88.35,2.629,0.517,34.2,SAFE,0
2026-01-20 03:15:00,NODE-02,1.139,7.757,0.349,2.26,90.23,1.393,-0.041,28.7,SAFE,0
2026-01-20 03:30:00,NODE-05,0.24,3.83,0.064,0.851,90.56,-3.928,-0.899,7.2,SAFE,0
2026-01-20 03:45:00,NODE-02,1.661,13.006,0.399,3.487,90.36,9.176,1.421,50.1,LOW,0
2026-01-20 04:00:00,NODE-02,1.663,8.078,0.35,2.775,89.84,-4.927,0.002,26.1,SAFE,0
2026-01-20 04:15:00,NODE-03,1.774,12.315,0.61,4.149,87.39,4.236,0.111,51.6,LOW,0
2026-01-20 04:30:00,NODE-03,1.138,9.099,0.124,2.052,88.1,-3.216,-0.636,20.8,SAFE,0
2026-01-20 04:45:00,NODE-03,0.421,5.219,0.203,0.711,87.92,-3.879,-0.717,11.0,SAFE,0
2026-01-20 05:00:00,NODE-05,1.012,7.378,0.334,2.717,89.09,2.159,0.59,35.0,SAFE,0
2026-01-20 05:15:00,NODE-02,1.325,4.245,0.233,1.624,89.58,-3.133,0.313,23.4,SAFE,0
2026-01-20 05:30:00,NODE-01,0.748,3.336,0.18,1.83,88.11,-0.909,-0.577,11.9,SAFE,0
2026-01-20 05:45:00,NODE-01,0.804,2.87,0.225,1.407,89.33,-0.466,0.056,15.7,SAFE,0
2026-01-20 06:00:00,NODE-05,0.835,7.433,0.239,1.409,90.35,4.563,0.03,25.8,SAFE,0
2026-01-20 06:15:00,NODE-04,2.399,11.163,0.605,4.202,88.33,3.729,1.564,54.8,LOW,0
2026-01-20 06:30:00,NODE-02,0.016,2.929,0.095,0.507,88.54,-8.234,-2.383,3.4,SAFE,0
2026-01-20 06:45:00,NODE-05,0.417,4.282,0.264,1.958,90.94,1.353,0.401,20.7,SAFE,0
2026-01-20 07:00:00,NODE-05,2.444,13.162,0.584,4.044,88.41,8.88,2.026,54.6,LOW,0
2026-01-20 07:15:00,NODE-05,0.263,2.968,0.165,0.497,89.93,-10.194,-2.181,9.1,SAFE,1
2026-01-20 07:30:00,NODE-05,5.024,35.255,1.183,11.132,91.0,32.287,4.761,88.8,CRITICAL,0
2026-01-20 07:45:00,NODE-02,1.671,7.566,0.382,3.063,88.09,-27.69,-3.353,28.7,SAFE,0
2026-01-20 08:00:00,NODE-04,0.536,2.664,0.15,0.998,88.18,-4.902,-1.135,8.1,SAFE,0
2026-01-20 08:15:00,NODE-03,1.521,9.014,0.269,2.787,89.22,6.351,0.985,41.0,LOW,0
2026-01-20 08:30:00,NODE-05,0.61,3.094,0.24,1.04,89.58,-5.92,-0.91,15.0,SAFE,0
2026-01-20 08:45:00,NODE-04,0.375,5.011,0.043,0.081,88.72,1.917,-0.235,11.9,SAFE,0
2026-01-20 09:00:00,NODE-04,0.732,6.732,0.402,2.222,91.86,1.721,0.358,26.9,SAFE,0
2026-01-20 09:15:00,NODE-04,0.209,0.0,0.0,0.866,90.13,-6.732,-0.523,2.5,SAFE,0
2026-01-20 09:30:00,NODE-01,0.0,0.991,0.086,0.389,88.52,0.991,-0.209,6.2,SAFE,0
2026-01-20 09:45:00,NODE-03,1.241,6.059,0.384,2.113,87.84,5.068,1.241,38.1,SAFE,0
2026-01-20 10:00:00,NODE-05,0.826,3.575,0.108,1.52,89.4,-2.484,-0.415,12.5,SAFE,0
2026-01-20 10:15:00,NODE-05,1.439,9.658,0.415,3.272,90.0,6.083,0.613,44.3,LOW,0
2026-01-20 10:30:00,NODE-01,0.906,4.7,0.272,1.78,91.68,-4.958,-0.533,13.6,SAFE,0
2026-01-20 10:45:00,NODE-01,0.717,5.601,0.196,1.234,89.56,0.901,-0.189,18.0,SAFE,0
2026-01-20 11:00:00,NODE-01,1.53,9.414,0.361,2.548,89.17,3.812,0.813,42.8,LOW,0
2026-01-20 11:15:00,NODE-04,1.248,7.833,0.265,1.967,88.29,-1.581,-0.282,23.2,SAFE,1
2026-01-20 11:30:00,NODE-05,3.195,23.211,0.716,6.797,89.9,15.378,1.948,77.4,WARNING,0
2026-01-20 11:45:00,NODE-01,0.218,5.962,0.187,1.569,90.67,-17.249,-2.978,13.1,SAFE,0
2026-01-20 12:00:00,NODE-03,0.493,0.0,0.167,0.246,87.3,-5.962,0.276,8.6,SAFE,0
2026-01-20 12:15:00,NODE-05,1.861,10.813,0.473,3.977,89.53,10.813,1.367,47.2,LOW,0
2026-01-20 12:30:00,NODE-04,0.563,6.617,0.193,1.905,88.22,-4.195,-1.297,11.7,SAFE,0
2026-01-20 12:45:00,NODE-03,0.392,2.486,0.219,1.431,87.81,-4.132,-0.171,7.7,SAFE,0
2026-01-20 13:00:00,NODE-03,1.154,7.529,0.303,1.969,91.47,5.043,0.762,34.7,SAFE,0
2026-01-20 13:15:00,NODE-03,0.788,5.817,0.286,1.89,90.5,-1.711,-0.366,20.2,SAFE,0
2026-01-20 13:30:00,NODE-02,0.61,5.026,0.278,1.135,88.7,-0.792,-0.178,19.0,SAFE,0
2026-01-20 13:45:00,NODE-03,1.404,9.821,0.35,2.704,89.23,4.795,0.794,39.8,SAFE,0
2026-01-20 14:00:00,NODE-04,0.507,2.38,0.243,1.164,89.04,-7.441,-0.897,10.3,SAFE,0
2026-01-20 14:15:00,NODE-05,1.812,12.701,0.533,4.179,88.07,10.321,1.305,51.4,LOW,0
2026-01-20 14:30:00,NODE-04,1.241,8.989,0.379,1.979,88.76,-3.712,-0.571,25.3,SAFE,0
2026-01-20 14:45:00,NODE-04,0.524,2.803,0.189,0.127,90.35,-6.186,-0.717,8.4,SAFE,0
2026-01-20 15:00:00,NODE-01,1.71,8.763,0.237,3.26,88.73,5.959,1.186,40.3,LOW,0
2026-01-20 15:15:00,NODE-03,0.78,4.658,0.15,1.214,89.96,-4.104,-0.93,11.5,SAFE,1
2026-01-20 15:30:00,NODE-01,4.873,36.043,1.199,10.719,88.73,31.384,4.093,89.6,CRITICAL,0
2026-01-20 15:45:00,NODE-02,0.862,4.13,0.131,1.159,87.97,-31.913,-4.011,15.6,SAFE,0
2026-01-20 16:00:00,NODE-04,0.531,3.967,0.083,0.295,90.83,-0.163,-0.332,6.5,SAFE,0
2026-01-20 16:15:00,NODE-05,0.556,1.073,0.223,0.698,86.83,-2.894,0.026,4.3,SAFE,0
2026-01-20 16:30:00,NODE-01,0.746,5.505,0.219,1.754,91.53,4.432,0.189,30.5,SAFE,0
2026-01-20 16:45:00,NODE-02,0.814,4.193,0.23,1.828,90.58,-1.311,0.068,16.9,SAFE,0
2026-01-20 17:00:00,NODE-04,1.311,8.432,0.338,2.621,89.6,4.239,0.498,35.6,SAFE,0
2026-01-20 17:15:00,NODE-01,0.172,2.433,0.066,0.189,88.84,-5.999,-1.14,5.2,SAFE,0
2026-01-20 17:30:00,NODE-03,0.258,1.306,0.133,0.881,88.93,-1.128,0.087,8.9,SAFE,0
2026-01-20 17:45:00,NODE-04,0.927,8.53,0.349,1.979,89.61,7.224,0.669,36.8,SAFE,0
2026-01-20 18:00:00,NODE-03,0.625,2.949,0.012,0.938,89.59,-5.58,-0.302,11.7,SAFE,0
2026-01-20 18:15:00,NODE-01,1.152,9.334,0.432,2.656,88.21,6.384,0.527,41.5,LOW,0
2026-01-20 18:30:00,NODE-02,0.381,1.365,0.285,0.917,89.44,-7.969,-0.771,9.6,SAFE,0
2026-01-20 18:45:00,NODE-04,0.383,3.073,0.25,1.263,89.66,1.708,0.002,17.2,SAFE,0
2026-01-20 19:00:00,NODE-03,0.486,0.974,0.051,0.687,88.99,-2.099,0.103,6.6,SAFE,0
2026-01-20 19:15:00,NODE-01,0.422,0.0,0.08,0.925,92.03,-0.974,-0.064,7.4,SAFE,0
2026-01-20 19:30:00,NODE-04,1.386,12.197,0.493,3.352,89.18,12.197,0.964,47.4,LOW,0
2026-01-20 19:45:00,NODE-01,0.495,5.029,0.235,1.5,87.22,-7.168,-0.891,16.2,SAFE,0
2026-01-20 20:00:00,NODE-04,0.688,2.999,0.141,0.862,88.12,-2.029,0.194,12.1,SAFE,0
2026-01-20 20:15:00,NODE-01,1.154,9.167,0.372,3.097,90.18,6.168,0.465,40.2,LOW,1
2026-01-20 20:30:00,NODE-05,3.14,20.366,0.693,6.327,88.46,11.199,1.986,72.9,WARNING,0
2026-01-20 20:45:00,NODE-02,0.595,5.105,0.206,2.176,88.13,-15.261,-2.545,15.0,SAFE,0
2026-01-20 21:00:00,NODE-02,1.969,11.753,0.414,3.86,91.0,6.648,1.374,51.0,LOW,0
2026-01-20 21:15:00,NODE-01,1.603,11.451,0.452,2.82,89.52,-0.301,-0.366,33.7,SAFE,0
2026-01-20 21:30:00,NODE-02,0.88,5.641,0.227,2.072,88.59,-5.81,-0.723,18.8,SAFE,0
2026-01-20 21:45:00,NODE-05,0.708,5.536,0.255,2.254,85.99,-0.105,-0.173,15.6,SAFE,1
2026-01-20 22:00:00,NODE-05,2.806,17.009,0.665,5.447,90.05,11.473,2.098,62.2,WARNING,0
2026-01-20 22:15:00,NODE-02,0.162,2.753,0.136,0.153,89.32,-14.256,-2.644,7.3,SAFE,1
2026-01-20 22:30:00,NODE-03,4.074,28.472,1.022,8.232,90.86,25.719,3.912,96.7,CRITICAL,0
2026-01-20 22:45:00,NODE-04,0.588,5.524,0.238,1.21,87.98,-22.948,-3.486,13.4,SAFE,0
2026-01-20 23:00:00,NODE-05,0.659,3.862,0.145,0.653,88.85,-1.662,0.071,9.5,SAFE,0
2026-01-20 23:15:00,NODE-03,0.204,1.339,0.076,0.0,89.65,-2.523,-0.455,5.2,SAFE,0
2026-01-20 23:30:00,NODE-02,0.702,2.525,0.353,1.436,90.79,1.186,0.497,18.9,SAFE,0
2026-01-20 23:45:00,NODE-02,0.107,0.0,0.157,0.583,89.59,-2.525,-0.594,7.6,SAFE,0
2026-01-21 00:00:00,NODE-04,1.682,12.481,0.443,3.327,88.43,12.481,1.575,49.7,LOW,0
2026-01-21 00:15:00,NODE-01,0.275,4.436,0.186,1.408,90.83,-8.045,-1.407,11.4,SAFE,0
2026-01-21 00:30:00,NODE-03,1.274,7.867,0.298,2.994,88.9,3.431,0.999,37.7,SAFE,0
2026-01-21 00:45:00,NODE-02,0.698,3.446,0.304,1.194,89.49,-4.421,-0.576,15.4,SAFE,0
2026-01-21 01:00:00,NODE-04,1.101,8.092,0.268,2.56,90.17,4.645,0.403,34.4,SAFE,0
2026-01-21 01:15:00,NODE-01,0.755,4.184,0.232,1.038,91.14,-3.908,-0.346,14.7,SAFE,0
2026-01-21 01:30:00,NODE-03,0.526,2.213,0.25,1.431,89.7,-1.971,-0.229,12.2,SAFE,0
2026-01-21 01:45:00,NODE-03,0.605,2.104,0.209,0.827,92.36,-0.109,0.079,13.2,SAFE,0
2026-01-21 02:00:00,NODE-04,1.253,9.875,0.427,3.751,89.14,7.771,0.648,45.0,LOW,0
2026-01-21 02:15:00,NODE-01,0.378,2.828,0.17,0.727,89.6,-7.047,-0.875,16.2,SAFE,0
2026-01-21 02:30:00,NODE-03,1.048,10.754,0.377,2.545,88.5,7.926,0.67,42.5,LOW,0
2026-01-21 02:45:00,NODE-03,0.259,0.086,0.081,0.739,89.63,-10.668,-0.789,4.4,SAFE,0
2026-01-21 03:00:00,NODE-03,1.938,10.997,0.489,4.256,89.59,10.911,1.679,50.3,LOW,0
2026-01-21 03:15:00,NODE-03,0.896,4.85,0.138,1.59,90.49,-6.148,-1.043,16.7,SAFE,0
2026-01-21 03:30:00,NODE-04,1.24,9.697,0.206,2.316,89.76,4.848,0.345,35.1,SAFE,0
2026-01-21 03:45:00,NODE-04,0.148,0.085,0.126,0.069,88.59,-9.612,-1.092,0.5,SAFE,0
2026-01-21 04:00:00,NODE-02,0.201,0.0,0.069,0.076,89.53,-0.085,0.053,1.1,SAFE,1
2026-01-21 04:15:00,NODE-05,3.604,22.973,0.872,6.334,88.41,22.973,3.403,80.0,CRITICAL,0
2026-01-21 04:30:00,NODE-03,0.461,3.614,0.152,1.357,89.88,-19.359,-3.143,16.5,SAFE,0
2026-01-21 04:45:00,NODE-01,2.44,14.096,0.54,3.646,88.54,10.482,1.979,56.4,LOW,0
2026-01-21 05:00:00,NODE-01,0.609,3.236,0.209,0.521,87.53,-10.86,-1.831,8.1,SAFE,0
2026-01-21 05:15:00,NODE-02,0.923,4.682,0.343,1.547,87.85,1.446,0.314,26.6,SAFE,0
2026-01-21 05:30:00,NODE-04,1.015,5.203,0.244,2.575,87.79,0.522,0.092,22.0,SAFE,0
2026-01-21 05:45:00,NODE-04,0.0,3.441,0.09,0.753,88.57,-1.762,-1.015,9.6,SAFE,0
2026-01-21 06:00:00,NODE-04,0.735,3.815,0.304,1.643,88.18,0.374,0.735,25.9,SAFE,0
2026-01-21 06:15:00,NODE-03,0.187,3.553,0.1,0.187,89.17,-0.262,-0.548,2.3,SAFE,0
2026-01-21 06:30:00,NODE-03,2.662,17.076,0.562,5.118,88.72,13.523,2.475,57.7,LOW,0
2026-01-21 06:45:00,NODE-01,0.925,5.055,0.257,3.014,89.8,-12.021,-1.737,24.8,SAFE,0
2026-01-21 07:00:00,NODE-02,0.819,7.048,0.198,1.797,89.64,1.993,-0.106,22.5,SAFE,0
2026-01-21 07:15:00,NODE-03,0.309,1.866,0.166,0.398,88.79,-5.182,-0.51,2.0,SAFE,0
2026-01-21 07:30:00,NODE-01,0.928,9.342,0.243,1.656,90.67,7.476,0.62,33.7,SAFE,0
2026-01-21 07:45:00,NODE-02,0.175,1.548,0.116,0.667,88.06,-7.794,-0.754,3.0,SAFE,0
2026-01-21 08:00:00,NODE-03,0.474,1.543,0.137,0.193,90.38,-0.005,0.3,6.0,SAFE,0
2026-01-21 08:15:00,NODE-04,0.051,2.181,0.112,0.509,89.35,0.638,-0.423,9.3,SAFE,1
2026-01-21 08:30:00,NODE-05,2.608,14.572,0.751,5.73,88.69,12.391,2.556,63.7,WARNING,0
2026-01-21 08:45:00,NODE-05,0.111,2.485,0.163,0.254,90.51,-12.087,-2.497,1.5,SAFE,0
2026-01-21 09:00:00,NODE-04,1.125,4.899,0.23,1.737,89.82,2.414,1.014,30.2,SAFE,0
2026-01-21 09:15:00,NODE-03,1.212,8.669,0.311,2.58,87.86,3.77,0.087,32.8,SAFE,0
2026-01-21 09:30:00,NODE-04,0.0,3.364,0.163,0.167,89.58,-5.305,-1.212,5.1,SAFE,0
2026-01-21 09:45:00,NODE-04,1.202,7.788,0.355,2.163,89.58,4.423,1.202,37.4,SAFE,0
2026-01-21 10:00:00,NODE-01,1.484,8.607,0.464,3.052,90.35,0.819,0.282,35.3,SAFE,0
2026-01-21 10:15:00,NODE-02,1.501,11.668,0.451,3.489,89.84,3.061,0.017,41.4,LOW,0
2026-01-21 10:30:00,NODE-05,1.629,10.231,0.443,3.126,89.92,-1.437,0.128,33.4,SAFE,0
2026-01-21 10:45:00,NODE-02,0.713,6.096,0.23,1.171,88.6,-4.135,-0.916,11.0,SAFE,0
2026-01-21 11:00:00,NODE-03,0.757,2.867,0.377,0.752,88.87,-3.229,0.044,15.2,SAFE,0
2026-01-21 11:15:00,NODE-03,0.901,6.985,0.18,1.869,88.82,4.117,0.144,32.1,SAFE,1
2026-01-21 11:30:00,NODE-01,3.397,23.197,0.794,7.944,87.2,16.213,2.496,82.3,CRITICAL,0
2026-01-21 11:45:00,NODE-02,1.492,10.376,0.386,3.404,90.66,-12.821,-1.906,28.2,SAFE,0
2026-01-21 12:00:00,NODE-02,0.0,1.925,0.173,0.194,87.77,-8.451,-1.492,1.8,SAFE,0
2026-01-21 12:15:00,NODE-01,1.201,6.688,0.121,2.122,89.43,4.762,1.201,33.8,SAFE,0
2026-01-21 12:30:00,NODE-01,1.321,6.299,0.118,1.253,88.71,-0.388,0.12,20.7,SAFE,0
2026-01-21 12:45:00,NODE-05,0.812,3.865,0.229,1.858,88.82,-2.435,-0.508,13.8,SAFE,0
2026-01-21 13:00:00,NODE-02,0.667,3.613,0.329,0.883,89.91,-0.251,-0.145,15.5,SAFE,0
2026-01-21 13:15:00,NODE-03,0.668,2.95,0.162,0.84,88.16,-0.663,0.001,7.1,SAFE,0
2026-01-21 13:30:00,NODE-02,1.2,5.735,0.218,2.427,89.64,2.785,0.533,32.0,SAFE,0
2026-01-21 13:45:00,NODE-05,1.088,8.081,0.346,2.416,89.65,2.346,-0.113,30.9,SAFE,0
2026-01-21 14:00:00,NODE-02,0.854,6.115,0.39,2.273,88.15,-1.966,-0.234,20.9,SAFE,0
2026-01-21 14:15:00,NODE-03,0.906,2.62,0.144,1.233,90.17,-3.495,0.052,11.1,SAFE,0
2026-01-21 14:30:00,NODE-05,0.795,5.331,0.232,1.036,90.72,2.711,-0.111,26.4,SAFE,0
2026-01-21 14:45:00,NODE-05,0.19,0.0,0.089,0.2,91.5,-5.331,-0.606,5.6,SAFE,0
2026-01-21 15:00:00,NODE-01,0.337,1.548,0.19,1.117,88.76,1.548,0.147,13.9,SAFE,1
2026-01-21 15:15:00,NODE-04,4.416,31.251,1.072,9.373,89.3,29.703,4.079,88.7,CRITICAL,0
2026-01-21 15:30:00,NODE-03,1.146,11.478,0.434,2.971,89.37,-19.773,-3.27,27.8,SAFE,0
2026-01-21 15:45:00,NODE-03,0.677,3.48,0.225,0.846,89.86,-7.998,-0.469,13.9,SAFE,0
2026-01-21 16:00:00,NODE-01,1.188,4.66,0.329,1.934,91.15,1.18,0.512,24.7,SAFE,0
2026-01-21 16:15:00,NODE-01,0.826,5.815,0.135,1.267,89.64,1.155,-0.363,14.5,SAFE,0
2026-01-21 16:30:00,NODE-04,0.616,4.316,0.147,1.557,89.67,-1.499,-0.209,9.5,SAFE,0
2026-01-21 16:45:00,NODE-03,0.36,2.754,0.069,0.319,87.73,-1.563,-0.257,7.7,SAFE,0
2026-01-21 17:00:00,NODE-03,0.753,3.313,0.207,0.643,91.5,0.559,0.394,12.1,SAFE,0
2026-01-21 17:15:00,NODE-04,1.564,12.833,0.484,4.445,88.47,9.52,0.81,50.8,LOW,0
2026-01-21 17:30:00,NODE-04,1.582,8.952,0.32,2.552,85.84,-3.881,0.019,26.7,SAFE,0
2026-01-21 17:45:00,NODE-01,2.033,12.341,0.528,4.015,86.3,3.389,0.451,46.9,LOW,0
2026-01-21 18:00:00,NODE-03,1.992,11.595,0.59,4.309,89.42,-0.745,-0.041,38.9,SAFE,0
2026-01-21 18:15:00,NODE-01,0.722,4.47,0.281,1.433,87.5,-7.125,-1.27,13.9,SAFE,0
2026-01-21 18:30:00,NODE-04,1.077,7.506,0.282,2.216,89.09,3.035,0.355,29.0,SAFE,0
2026-01-21 18:45:00,NODE-04,0.451,3.987,0.172,0.903,87.22,-3.518,-0.626,10.8,SAFE,0
2026-01-21 19:00:00,NODE-05,0.897,6.196,0.17,1.937,89.38,2.209,0.447,28.7,SAFE,0
2026-01-21 19:15:00,NODE-01,1.133,8.245,0.396,2.073,89.69,2.049,0.236,32.3,SAFE,0
2026-01-21 19:30:00,NODE-01,1.652,9.686,0.418,3.228,89.22,1.442,0.519,40.0,SAFE,0
2026-01-21 19:45:00,NODE-02,1.68,11.04,0.337,3.894,88.17,1.354,0.028,37.7,SAFE,0
